ABB | ROCE | Calculated=31.22 | Source=46.00 | Difference=14.78 | Category=Formula discrepancy
ABB | ROE | Calculated=22.41 | Source=34.90 | Difference=12.49 | Category=Formula discrepancy
ABB | ROCE | Calculated=33.88 | Source=46.00 | Difference=12.12 | Category=Formula discrepancy
ABB | ROE | Calculated=25.13 | Source=34.90 | Difference=9.77 | Category=Version difference
ABB | ROCE | Calculated=33.88 | Source=46.00 | Difference=12.12 | Category=Formula discrepancy
ABB | ROE | Calculated=25.13 | Source=34.90 | Difference=9.77 | Category=Version difference
ABB | ROCE | Calculated=33.30 | Source=46.00 | Difference=12.70 | Category=Formula discrepancy
ABB | ROE | Calculated=24.44 | Source=34.90 | Difference=10.46 | Category=Formula discrepancy
ABB | ROCE | Calculated=33.30 | Source=46.00 | Difference=12.70 | Category=Formula discrepancy
ABB | ROE | Calculated=24.44 | Source=34.90 | Difference=10.46 | Category=Formula discrepancy
ABB | ROCE | Calculated=30.54 | Source=46.00 | Difference=15.46 | Category=Formula discrepancy
ABB | ROE | Calculated=21.34 | Source=34.90 | Difference=13.56 | Category=Formula discrepancy
ABB | ROCE | Calculated=30.54 | Source=46.00 | Difference=15.46 | Category=Formula discrepancy
ABB | ROE | Calculated=21.34 | Source=34.90 | Difference=13.56 | Category=Formula discrepancy
ABB | ROCE | Calculated=28.70 | Source=46.00 | Difference=17.30 | Category=Formula discrepancy
ABB | ROE | Calculated=19.97 | Source=34.90 | Difference=14.93 | Category=Formula discrepancy
ABB | ROCE | Calculated=28.70 | Source=46.00 | Difference=17.30 | Category=Formula discrepancy
ABB | ROE | Calculated=19.97 | Source=34.90 | Difference=14.93 | Category=Formula discrepancy
ABB | ROCE | Calculated=31.01 | Source=46.00 | Difference=14.99 | Category=Formula discrepancy
ABB | ROE | Calculated=23.69 | Source=34.90 | Difference=11.21 | Category=Formula discrepancy
ABB | ROCE | Calculated=31.01 | Source=46.00 | Difference=14.99 | Category=Formula discrepancy
ABB | ROE | Calculated=23.69 | Source=34.90 | Difference=11.21 | Category=Formula discrepancy
ABB | ROCE | Calculated=30.13 | Source=46.00 | Difference=15.87 | Category=Formula discrepancy
ABB | ROE | Calculated=22.41 | Source=34.90 | Difference=12.49 | Category=Formula discrepancy
ABB | ROCE | Calculated=30.13 | Source=46.00 | Difference=15.87 | Category=Formula discrepancy
ABB | ROE | Calculated=22.41 | Source=34.90 | Difference=12.49 | Category=Formula discrepancy
ABB | ROCE | Calculated=29.05 | Source=46.00 | Difference=16.95 | Category=Formula discrepancy
ABB | ROE | Calculated=24.39 | Source=34.90 | Difference=10.51 | Category=Formula discrepancy
ABB | ROCE | Calculated=29.05 | Source=46.00 | Difference=16.95 | Category=Formula discrepancy
ABB | ROE | Calculated=24.39 | Source=34.90 | Difference=10.51 | Category=Formula discrepancy
ABB | ROCE | Calculated=33.47 | Source=46.00 | Difference=12.53 | Category=Formula discrepancy
ABB | ROE | Calculated=26.56 | Source=34.90 | Difference=8.34 | Category=Version difference
ABB | ROCE | Calculated=33.47 | Source=46.00 | Difference=12.53 | Category=Formula discrepancy
ABB | ROE | Calculated=26.56 | Source=34.90 | Difference=8.34 | Category=Version difference
ABB | ROCE | Calculated=36.41 | Source=46.00 | Difference=9.59 | Category=Version difference
ABB | ROE | Calculated=28.33 | Source=34.90 | Difference=6.57 | Category=Version difference
ABB | ROCE | Calculated=36.41 | Source=46.00 | Difference=9.59 | Category=Version difference
ABB | ROE | Calculated=28.33 | Source=34.90 | Difference=6.57 | Category=Version difference
ABB | ROCE | Calculated=36.53 | Source=46.00 | Difference=9.47 | Category=Version difference
ABB | ROE | Calculated=29.77 | Source=34.90 | Difference=5.13 | Category=Version difference
ABB | ROCE | Calculated=36.53 | Source=46.00 | Difference=9.47 | Category=Version difference
ABB | ROE | Calculated=29.77 | Source=34.90 | Difference=5.13 | Category=Version difference
ABB | ROCE | Calculated=38.42 | Source=46.00 | Difference=7.58 | Category=Version difference
ABB | ROCE | Calculated=38.42 | Source=46.00 | Difference=7.58 | Category=Version difference
ADANIENSOL | ROCE | Calculated=0.00 | Source=9.00 | Difference=9.00 | Category=Version difference
ADANIENSOL | ROE | Calculated=0.00 | Source=8.59 | Difference=8.59 | Category=Version difference
ADANIENSOL | ROCE | Calculated=0.94 | Source=9.00 | Difference=8.06 | Category=Version difference
ADANIENSOL | ROE | Calculated=-0.65 | Source=8.59 | Difference=9.24 | Category=Version difference
ADANIENSOL | ROCE | Calculated=17.12 | Source=9.00 | Difference=8.12 | Category=Version difference
ADANIENSOL | ROE | Calculated=13.77 | Source=8.59 | Difference=5.18 | Category=Version difference
ADANIENSOL | ROCE | Calculated=16.63 | Source=9.00 | Difference=7.63 | Category=Version difference
ADANIENSOL | ROE | Calculated=14.12 | Source=8.59 | Difference=5.53 | Category=Version difference
ADANIENSOL | ROCE | Calculated=17.14 | Source=9.00 | Difference=8.14 | Category=Version difference
ADANIENSOL | ROE | Calculated=18.87 | Source=8.59 | Difference=10.28 | Category=Formula discrepancy
ADANIENSOL | ROE | Calculated=14.46 | Source=8.59 | Difference=5.87 | Category=Version difference
ADANIENT | ROE | Calculated=5.69 | Source=13.64 | Difference=7.95 | Category=Version difference
ADANIENT | ROCE | Calculated=5.17 | Source=11.60 | Difference=6.43 | Category=Version difference
ADANIENT | ROE | Calculated=7.47 | Source=13.64 | Difference=6.17 | Category=Version difference
ADANIENT | ROCE | Calculated=5.44 | Source=11.60 | Difference=6.16 | Category=Version difference
ADANIENT | ROE | Calculated=6.54 | Source=13.64 | Difference=7.10 | Category=Version difference
ADANIENT | ROCE | Calculated=6.23 | Source=11.60 | Difference=5.37 | Category=Version difference
ADANIENT | ROE | Calculated=3.94 | Source=13.64 | Difference=9.70 | Category=Version difference
ADANIENT | ROE | Calculated=3.43 | Source=13.64 | Difference=10.21 | Category=Formula discrepancy
ADANIENT | ROE | Calculated=6.14 | Source=13.64 | Difference=7.50 | Category=Version difference
ADANIENT | ROE | Calculated=6.10 | Source=13.64 | Difference=7.54 | Category=Version difference
ADANIENT | ROCE | Calculated=5.82 | Source=11.60 | Difference=5.78 | Category=Version difference
ADANIENT | ROE | Calculated=3.54 | Source=13.64 | Difference=10.10 | Category=Formula discrepancy
ADANIENT | ROE | Calculated=7.33 | Source=13.64 | Difference=6.31 | Category=Version difference
ADANIENT | ROE | Calculated=8.53 | Source=13.64 | Difference=5.11 | Category=Version difference
ADANIGREEN | ROCE | Calculated=7.26 | Source=96.50 | Difference=89.24 | Category=Formula discrepancy
ADANIGREEN | ROE | Calculated=-3.91 | Source=14.70 | Difference=18.61 | Category=Formula discrepancy
ADANIGREEN | ROCE | Calculated=7.52 | Source=96.50 | Difference=88.98 | Category=Formula discrepancy
ADANIGREEN | ROE | Calculated=-10.29 | Source=14.70 | Difference=24.99 | Category=Formula discrepancy
ADANIGREEN | ROCE | Calculated=11.67 | Source=96.50 | Difference=84.83 | Category=Formula discrepancy
ADANIGREEN | ROE | Calculated=-24.57 | Source=14.70 | Difference=39.27 | Category=Formula discrepancy
ADANIGREEN | ROCE | Calculated=8.42 | Source=96.50 | Difference=88.08 | Category=Formula discrepancy
ADANIGREEN | ROE | Calculated=-2.89 | Source=14.70 | Difference=17.59 | Category=Formula discrepancy
ADANIGREEN | ROCE | Calculated=8.49 | Source=96.50 | Difference=88.01 | Category=Formula discrepancy
ADANIGREEN | ROE | Calculated=8.27 | Source=14.70 | Difference=6.43 | Category=Version difference
ADANIGREEN | ROCE | Calculated=6.33 | Source=96.50 | Difference=90.17 | Category=Formula discrepancy
ADANIGREEN | ROCE | Calculated=8.08 | Source=96.50 | Difference=88.42 | Category=Formula discrepancy
ADANIGREEN | ROCE | Calculated=9.80 | Source=96.50 | Difference=86.70 | Category=Formula discrepancy
ADANIPORTS | ROE | Calculated=25.63 | Source=18.10 | Difference=7.53 | Category=Version difference
ADANIPORTS | ROE | Calculated=25.63 | Source=18.10 | Difference=7.53 | Category=Version difference
ADANIPORTS | ROE | Calculated=11.84 | Source=18.10 | Difference=6.26 | Category=Version difference
ADANIPORTS | ROE | Calculated=11.84 | Source=18.10 | Difference=6.26 | Category=Version difference
ADANIPORTS | ROE | Calculated=11.88 | Source=18.10 | Difference=6.22 | Category=Version difference
ADANIPORTS | ROE | Calculated=11.88 | Source=18.10 | Difference=6.22 | Category=Version difference
ADANIPOWER | ROCE | Calculated=2.08 | Source=32.20 | Difference=30.12 | Category=Formula discrepancy
ADANIPOWER | ROE | Calculated=-53.46 | Source=57.10 | Difference=110.56 | Category=Formula discrepancy
ADANIPOWER | ROCE | Calculated=9.06 | Source=32.20 | Difference=23.14 | Category=Formula discrepancy
ADANIPOWER | ROE | Calculated=-4.45 | Source=57.10 | Difference=61.55 | Category=Formula discrepancy
ADANIPOWER | ROCE | Calculated=9.27 | Source=32.20 | Difference=22.93 | Category=Formula discrepancy
ADANIPOWER | ROE | Calculated=-14.25 | Source=57.10 | Difference=71.35 | Category=Formula discrepancy
ADANIPOWER | ROCE | Calculated=14.62 | Source=32.20 | Difference=17.58 | Category=Formula discrepancy
ADANIPOWER | ROE | Calculated=7.38 | Source=57.10 | Difference=49.72 | Category=Formula discrepancy
ADANIPOWER | ROCE | Calculated=10.78 | Source=32.20 | Difference=21.42 | Category=Formula discrepancy
ADANIPOWER | ROE | Calculated=-205.80 | Source=57.10 | Difference=262.90 | Category=Formula discrepancy
ADANIPOWER | ROCE | Calculated=10.12 | Source=32.20 | Difference=22.08 | Category=Formula discrepancy
ADANIPOWER | ROE | Calculated=-236.56 | Source=57.10 | Difference=293.66 | Category=Formula discrepancy
ADANIPOWER | ROCE | Calculated=9.11 | Source=32.20 | Difference=23.09 | Category=Formula discrepancy
ADANIPOWER | ROE | Calculated=-12.76 | Source=57.10 | Difference=69.86 | Category=Formula discrepancy
ADANIPOWER | ROCE | Calculated=9.30 | Source=32.20 | Difference=22.90 | Category=Formula discrepancy
ADANIPOWER | ROE | Calculated=-35.10 | Source=57.10 | Difference=92.20 | Category=Formula discrepancy
ADANIPOWER | ROCE | Calculated=13.24 | Source=32.20 | Difference=18.96 | Category=Formula discrepancy
ADANIPOWER | ROE | Calculated=9.69 | Source=57.10 | Difference=47.41 | Category=Formula discrepancy
ADANIPOWER | ROCE | Calculated=14.62 | Source=32.20 | Difference=17.58 | Category=Formula discrepancy
ADANIPOWER | ROE | Calculated=26.61 | Source=57.10 | Difference=30.49 | Category=Formula discrepancy
ADANIPOWER | ROCE | Calculated=13.98 | Source=32.20 | Difference=18.22 | Category=Formula discrepancy
ADANIPOWER | ROE | Calculated=35.91 | Source=57.10 | Difference=21.19 | Category=Formula discrepancy
ADANIPOWER | ROCE | Calculated=23.44 | Source=32.20 | Difference=8.76 | Category=Version difference
ADANIPOWER | ROE | Calculated=48.28 | Source=57.10 | Difference=8.82 | Category=Version difference
AMBUJACEM | ROCE | Calculated=27.92 | Source=12.80 | Difference=15.12 | Category=Formula discrepancy
AMBUJACEM | ROE | Calculated=14.69 | Source=9.24 | Difference=5.45 | Category=Version difference
AMBUJACEM | ROCE | Calculated=19.14 | Source=12.80 | Difference=6.34 | Category=Version difference
AMBUJACEM | ROE | Calculated=14.77 | Source=9.24 | Difference=5.53 | Category=Version difference
AMBUJACEM | ROCE | Calculated=18.64 | Source=12.80 | Difference=5.84 | Category=Version difference
AMBUJACEM | ROCE | Calculated=17.90 | Source=12.80 | Difference=5.10 | Category=Version difference
AMBUJACEM | ROCE | Calculated=19.06 | Source=12.80 | Difference=6.26 | Category=Version difference
AMBUJACEM | ROCE | Calculated=21.55 | Source=12.80 | Difference=8.75 | Category=Version difference
AMBUJACEM | ROCE | Calculated=24.04 | Source=12.80 | Difference=11.24 | Category=Formula discrepancy
AMBUJACEM | ROE | Calculated=14.64 | Source=9.24 | Difference=5.40 | Category=Version difference
APOLLOHOSP | ROCE | Calculated=11.09 | Source=17.20 | Difference=6.11 | Category=Version difference
APOLLOHOSP | ROE | Calculated=7.05 | Source=13.81 | Difference=6.76 | Category=Version difference
APOLLOHOSP | ROCE | Calculated=11.40 | Source=17.20 | Difference=5.80 | Category=Version difference
APOLLOHOSP | ROE | Calculated=3.95 | Source=13.81 | Difference=9.86 | Category=Version difference
APOLLOHOSP | ROCE | Calculated=11.99 | Source=17.20 | Difference=5.21 | Category=Version difference
APOLLOHOSP | ROE | Calculated=1.85 | Source=13.81 | Difference=11.96 | Category=Formula discrepancy
APOLLOHOSP | ROE | Calculated=6.00 | Source=13.81 | Difference=7.81 | Category=Version difference
APOLLOHOSP | ROCE | Calculated=22.94 | Source=17.20 | Difference=5.74 | Category=Version difference
APOLLOHOSP | ROE | Calculated=2.98 | Source=13.81 | Difference=10.83 | Category=Formula discrepancy
APOLLOHOSP | ROCE | Calculated=22.59 | Source=17.20 | Difference=5.39 | Category=Version difference
APOLLOHOSP | ROE | Calculated=19.70 | Source=13.81 | Difference=5.89 | Category=Version difference
ASIANPAINT | ROCE | Calculated=47.79 | Source=41.75 | Difference=6.04 | Category=Version difference
ASIANPAINT | ROCE | Calculated=47.79 | Source=41.75 | Difference=6.04 | Category=Version difference
ASIANPAINT | ROCE | Calculated=36.67 | Source=41.75 | Difference=5.08 | Category=Version difference
ASIANPAINT | ROCE | Calculated=36.67 | Source=41.75 | Difference=5.08 | Category=Version difference
ASIANPAINT | ROCE | Calculated=35.83 | Source=41.75 | Difference=5.92 | Category=Version difference
ASIANPAINT | ROE | Calculated=24.95 | Source=31.45 | Difference=6.50 | Category=Version difference
ASIANPAINT | ROCE | Calculated=35.83 | Source=41.75 | Difference=5.92 | Category=Version difference
ASIANPAINT | ROE | Calculated=24.95 | Source=31.45 | Difference=6.50 | Category=Version difference
ASIANPAINT | ROCE | Calculated=34.89 | Source=41.75 | Difference=6.86 | Category=Version difference
ASIANPAINT | ROE | Calculated=23.31 | Source=31.45 | Difference=8.14 | Category=Version difference
ASIANPAINT | ROCE | Calculated=34.89 | Source=41.75 | Difference=6.86 | Category=Version difference
ASIANPAINT | ROE | Calculated=23.31 | Source=31.45 | Difference=8.14 | Category=Version difference
ASIANPAINT | ROCE | Calculated=34.94 | Source=41.75 | Difference=6.81 | Category=Version difference
ASIANPAINT | ROE | Calculated=25.04 | Source=31.45 | Difference=6.41 | Category=Version difference
ASIANPAINT | ROCE | Calculated=34.94 | Source=41.75 | Difference=6.81 | Category=Version difference
ASIANPAINT | ROE | Calculated=25.04 | Source=31.45 | Difference=6.41 | Category=Version difference
ASIANPAINT | ROCE | Calculated=31.20 | Source=41.75 | Difference=10.55 | Category=Formula discrepancy
ASIANPAINT | ROE | Calculated=22.34 | Source=31.45 | Difference=9.11 | Category=Version difference
ASIANPAINT | ROCE | Calculated=31.20 | Source=41.75 | Difference=10.55 | Category=Formula discrepancy
ASIANPAINT | ROE | Calculated=22.34 | Source=31.45 | Difference=9.11 | Category=Version difference
ASIANPAINT | ROCE | Calculated=34.92 | Source=41.75 | Difference=6.83 | Category=Version difference
ASIANPAINT | ROE | Calculated=26.23 | Source=31.45 | Difference=5.22 | Category=Version difference
ASIANPAINT | ROCE | Calculated=34.92 | Source=41.75 | Difference=6.83 | Category=Version difference
ASIANPAINT | ROE | Calculated=26.23 | Source=31.45 | Difference=5.22 | Category=Version difference
ASIANPAINT | ROCE | Calculated=35.77 | Source=41.75 | Difference=5.98 | Category=Version difference
ASIANPAINT | ROCE | Calculated=35.77 | Source=41.75 | Difference=5.98 | Category=Version difference
AXISBANK | ROE | Calculated=6.53 | Source=18.40 | Difference=11.87 | Category=Formula discrepancy
AXISBANK | ROE | Calculated=0.43 | Source=18.40 | Difference=17.97 | Category=Formula discrepancy
AXISBANK | ROE | Calculated=6.90 | Source=18.40 | Difference=11.50 | Category=Formula discrepancy
AXISBANK | ROE | Calculated=1.88 | Source=18.40 | Difference=16.52 | Category=Formula discrepancy
AXISBANK | ROE | Calculated=6.36 | Source=18.40 | Difference=12.04 | Category=Formula discrepancy
AXISBANK | ROE | Calculated=11.01 | Source=18.40 | Difference=7.39 | Category=Version difference
AXISBANK | ROE | Calculated=7.38 | Source=18.40 | Difference=11.02 | Category=Formula discrepancy
BAJAJ-AUTO | ROCE | Calculated=44.69 | Source=33.50 | Difference=11.19 | Category=Formula discrepancy
BAJAJ-AUTO | ROE | Calculated=38.85 | Source=26.50 | Difference=12.35 | Category=Formula discrepancy
BAJAJ-AUTO | ROCE | Calculated=44.69 | Source=33.50 | Difference=11.19 | Category=Formula discrepancy
BAJAJ-AUTO | ROE | Calculated=38.85 | Source=26.50 | Difference=12.35 | Category=Formula discrepancy
BAJAJ-AUTO | ROCE | Calculated=40.71 | Source=33.50 | Difference=7.21 | Category=Version difference
BAJAJ-AUTO | ROE | Calculated=33.24 | Source=26.50 | Difference=6.74 | Category=Version difference
BAJAJ-AUTO | ROCE | Calculated=40.71 | Source=33.50 | Difference=7.21 | Category=Version difference
BAJAJ-AUTO | ROE | Calculated=33.24 | Source=26.50 | Difference=6.74 | Category=Version difference
BAJAJ-AUTO | ROCE | Calculated=24.64 | Source=33.50 | Difference=8.86 | Category=Version difference
BAJAJ-AUTO | ROCE | Calculated=24.64 | Source=33.50 | Difference=8.86 | Category=Version difference
BAJAJ-AUTO | ROCE | Calculated=23.59 | Source=33.50 | Difference=9.91 | Category=Version difference
BAJAJ-AUTO | ROE | Calculated=20.66 | Source=26.50 | Difference=5.84 | Category=Version difference
BAJAJ-AUTO | ROCE | Calculated=23.59 | Source=33.50 | Difference=9.91 | Category=Version difference
BAJAJ-AUTO | ROE | Calculated=20.66 | Source=26.50 | Difference=5.84 | Category=Version difference
BAJAJ-AUTO | ROCE | Calculated=22.25 | Source=33.50 | Difference=11.25 | Category=Formula discrepancy
BAJAJ-AUTO | ROE | Calculated=21.21 | Source=26.50 | Difference=5.29 | Category=Version difference
BAJAJ-AUTO | ROCE | Calculated=22.25 | Source=33.50 | Difference=11.25 | Category=Formula discrepancy
BAJAJ-AUTO | ROE | Calculated=21.21 | Source=26.50 | Difference=5.29 | Category=Version difference
BAJAJ-AUTO | ROCE | Calculated=23.45 | Source=33.50 | Difference=10.05 | Category=Formula discrepancy
BAJAJ-AUTO | ROCE | Calculated=23.45 | Source=33.50 | Difference=10.05 | Category=Formula discrepancy
BAJAJ-AUTO | ROCE | Calculated=18.03 | Source=33.50 | Difference=15.47 | Category=Formula discrepancy
BAJAJ-AUTO | ROE | Calculated=17.81 | Source=26.50 | Difference=8.69 | Category=Version difference
BAJAJ-AUTO | ROCE | Calculated=18.03 | Source=33.50 | Difference=15.47 | Category=Formula discrepancy
BAJAJ-AUTO | ROE | Calculated=17.81 | Source=26.50 | Difference=8.69 | Category=Version difference
BAJAJ-AUTO | ROCE | Calculated=17.54 | Source=33.50 | Difference=15.96 | Category=Formula discrepancy
BAJAJ-AUTO | ROE | Calculated=20.65 | Source=26.50 | Difference=5.85 | Category=Version difference
BAJAJ-AUTO | ROCE | Calculated=17.54 | Source=33.50 | Difference=15.96 | Category=Formula discrepancy
BAJAJ-AUTO | ROE | Calculated=20.65 | Source=26.50 | Difference=5.85 | Category=Version difference
BAJAJ-AUTO | ROCE | Calculated=21.93 | Source=33.50 | Difference=11.57 | Category=Formula discrepancy
BAJAJ-AUTO | ROE | Calculated=20.64 | Source=26.50 | Difference=5.86 | Category=Version difference
BAJAJ-AUTO | ROCE | Calculated=21.93 | Source=33.50 | Difference=11.57 | Category=Formula discrepancy
BAJAJ-AUTO | ROE | Calculated=20.64 | Source=26.50 | Difference=5.86 | Category=Version difference
BAJAJ-AUTO | ROCE | Calculated=28.39 | Source=33.50 | Difference=5.11 | Category=Version difference
BAJAJ-AUTO | ROCE | Calculated=28.39 | Source=33.50 | Difference=5.11 | Category=Version difference
BAJAJFINSV | ROE | Calculated=28.38 | Source=11.72 | Difference=16.66 | Category=Formula discrepancy
BAJAJFINSV | ROCE | Calculated=15.58 | Source=21.14 | Difference=5.56 | Category=Version difference
BAJAJFINSV | ROE | Calculated=23.53 | Source=11.72 | Difference=11.81 | Category=Formula discrepancy
BAJAJFINSV | ROCE | Calculated=14.73 | Source=21.14 | Difference=6.41 | Category=Version difference
BAJAJFINSV | ROE | Calculated=21.72 | Source=11.72 | Difference=10.00 | Category=Version difference
BAJAJFINSV | ROCE | Calculated=13.57 | Source=21.14 | Difference=7.57 | Category=Version difference
BAJAJFINSV | ROE | Calculated=20.41 | Source=11.72 | Difference=8.69 | Category=Version difference
BAJAJFINSV | ROCE | Calculated=13.52 | Source=21.14 | Difference=7.62 | Category=Version difference
BAJAJFINSV | ROE | Calculated=21.36 | Source=11.72 | Difference=9.64 | Category=Version difference
BAJAJFINSV | ROCE | Calculated=12.52 | Source=21.14 | Difference=8.62 | Category=Version difference
BAJAJFINSV | ROE | Calculated=20.39 | Source=11.72 | Difference=8.67 | Category=Version difference
BAJAJFINSV | ROCE | Calculated=12.18 | Source=21.14 | Difference=8.96 | Category=Version difference
BAJAJFINSV | ROE | Calculated=22.64 | Source=11.72 | Difference=10.92 | Category=Formula discrepancy
BAJAJFINSV | ROCE | Calculated=11.52 | Source=21.14 | Difference=9.62 | Category=Version difference
BAJAJFINSV | ROE | Calculated=19.15 | Source=11.72 | Difference=7.43 | Category=Version difference
BAJAJFINSV | ROCE | Calculated=11.96 | Source=21.14 | Difference=9.18 | Category=Version difference
BAJAJFINSV | ROE | Calculated=20.56 | Source=11.72 | Difference=8.84 | Category=Version difference
BAJAJFINSV | ROCE | Calculated=10.65 | Source=21.14 | Difference=10.49 | Category=Formula discrepancy
BAJAJFINSV | ROE | Calculated=20.66 | Source=11.72 | Difference=8.94 | Category=Version difference
BAJAJFINSV | ROCE | Calculated=11.55 | Source=21.14 | Difference=9.59 | Category=Version difference
BAJAJFINSV | ROE | Calculated=26.31 | Source=11.72 | Difference=14.59 | Category=Formula discrepancy
BAJAJFINSV | ROCE | Calculated=11.71 | Source=21.14 | Difference=9.43 | Category=Version difference
BAJAJFINSV | ROE | Calculated=25.85 | Source=11.72 | Difference=14.13 | Category=Formula discrepancy
BAJAJHLDNG | ROCE | Calculated=3.11 | Source=13.10 | Difference=9.99 | Category=Version difference
BAJAJHLDNG | ROCE | Calculated=3.33 | Source=13.10 | Difference=9.77 | Category=Version difference
BAJAJHLDNG | ROCE | Calculated=3.61 | Source=13.10 | Difference=9.49 | Category=Version difference
BAJAJHLDNG | ROCE | Calculated=2.81 | Source=13.10 | Difference=10.29 | Category=Formula discrepancy
BAJAJHLDNG | ROCE | Calculated=3.52 | Source=13.10 | Difference=9.58 | Category=Version difference
BAJAJHLDNG | ROCE | Calculated=1.41 | Source=13.10 | Difference=11.69 | Category=Formula discrepancy
BAJAJHLDNG | ROCE | Calculated=1.29 | Source=13.10 | Difference=11.81 | Category=Formula discrepancy
BAJAJHLDNG | ROCE | Calculated=1.08 | Source=13.10 | Difference=12.02 | Category=Formula discrepancy
BAJAJHLDNG | ROCE | Calculated=0.94 | Source=13.10 | Difference=12.16 | Category=Formula discrepancy
BAJAJHLDNG | ROCE | Calculated=0.85 | Source=13.10 | Difference=12.25 | Category=Formula discrepancy
BAJAJHLDNG | ROE | Calculated=9.63 | Source=14.80 | Difference=5.17 | Category=Version difference
BAJAJHLDNG | ROCE | Calculated=0.86 | Source=13.10 | Difference=12.24 | Category=Formula discrepancy
BAJAJHLDNG | ROCE | Calculated=2.88 | Source=13.10 | Difference=10.22 | Category=Formula discrepancy
BAJFINANCE | ROCE | Calculated=5.57 | Source=11.90 | Difference=6.33 | Category=Version difference
BAJFINANCE | ROCE | Calculated=5.30 | Source=11.90 | Difference=6.60 | Category=Version difference
BAJFINANCE | ROCE | Calculated=5.52 | Source=11.90 | Difference=6.38 | Category=Version difference
BAJFINANCE | ROCE | Calculated=4.99 | Source=11.90 | Difference=6.91 | Category=Version difference
BAJFINANCE | ROE | Calculated=15.75 | Source=22.10 | Difference=6.35 | Category=Version difference
BAJFINANCE | ROCE | Calculated=4.50 | Source=11.90 | Difference=7.40 | Category=Version difference
BAJFINANCE | ROCE | Calculated=5.65 | Source=11.90 | Difference=6.25 | Category=Version difference
BAJFINANCE | ROE | Calculated=16.28 | Source=22.10 | Difference=5.82 | Category=Version difference
BAJFINANCE | ROCE | Calculated=6.43 | Source=11.90 | Difference=5.47 | Category=Version difference
BAJFINANCE | ROE | Calculated=11.97 | Source=22.10 | Difference=10.13 | Category=Formula discrepancy
BAJFINANCE | ROCE | Calculated=5.69 | Source=11.90 | Difference=6.21 | Category=Version difference
BAJFINANCE | ROE | Calculated=16.08 | Source=22.10 | Difference=6.02 | Category=Version difference
BAJFINANCE | ROCE | Calculated=4.68 | Source=11.90 | Difference=7.22 | Category=Version difference
BAJFINANCE | ROCE | Calculated=4.35 | Source=11.90 | Difference=7.55 | Category=Version difference
BANKBARODA | ROE | Calculated=9.40 | Source=16.70 | Difference=7.30 | Category=Version difference
BANKBARODA | ROE | Calculated=-11.84 | Source=16.70 | Difference=28.54 | Category=Formula discrepancy
BANKBARODA | ROE | Calculated=4.31 | Source=16.70 | Difference=12.39 | Category=Formula discrepancy
BANKBARODA | ROE | Calculated=-3.94 | Source=16.70 | Difference=20.64 | Category=Formula discrepancy
BANKBARODA | ROE | Calculated=2.12 | Source=16.70 | Difference=14.58 | Category=Formula discrepancy
BANKBARODA | ROE | Calculated=1.29 | Source=16.70 | Difference=15.41 | Category=Formula discrepancy
BANKBARODA | ROE | Calculated=1.97 | Source=16.70 | Difference=14.73 | Category=Formula discrepancy
BANKBARODA | ROE | Calculated=8.64 | Source=16.70 | Difference=8.06 | Category=Version difference
BEL | ROCE | Calculated=2230.00 | Source=34.60 | Difference=2195.40 | Category=Formula discrepancy
BEL | ROE | Calculated=15183.33 | Source=26.30 | Difference=15157.03 | Category=Formula discrepancy
BEL | ROCE | Calculated=3303.57 | Source=34.60 | Difference=3268.97 | Category=Formula discrepancy
BEL | ROE | Calculated=13600.00 | Source=26.30 | Difference=13573.70 | Category=Formula discrepancy
BEL | ROCE | Calculated=3572.73 | Source=34.60 | Difference=3538.13 | Category=Formula discrepancy
BEL | ROE | Calculated=17100.00 | Source=26.30 | Difference=17073.70 | Category=Formula discrepancy
BEL | ROCE | Calculated=3764.86 | Source=34.60 | Difference=3730.26 | Category=Formula discrepancy
BEL | ROE | Calculated=11141.67 | Source=26.30 | Difference=11115.37 | Category=Formula discrepancy
BEL | ROCE | Calculated=4072.73 | Source=34.60 | Difference=4038.13 | Category=Formula discrepancy
BEL | ROE | Calculated=10153.33 | Source=26.30 | Difference=10127.03 | Category=Formula discrepancy
BEL | ROCE | Calculated=2581.01 | Source=34.60 | Difference=2546.41 | Category=Formula discrepancy
BEL | ROE | Calculated=4616.13 | Source=26.30 | Difference=4589.83 | Category=Formula discrepancy
BEL | ROCE | Calculated=3030.21 | Source=34.60 | Difference=2995.61 | Category=Formula discrepancy
BEL | ROE | Calculated=3851.02 | Source=26.30 | Difference=3824.72 | Category=Formula discrepancy
BEL | ROCE | Calculated=2786.87 | Source=34.60 | Difference=2752.27 | Category=Formula discrepancy
BEL | ROE | Calculated=3318.18 | Source=26.30 | Difference=3291.88 | Category=Formula discrepancy
BEL | ROCE | Calculated=2975.93 | Source=34.60 | Difference=2941.33 | Category=Formula discrepancy
BEL | ROE | Calculated=3559.32 | Source=26.30 | Difference=3533.02 | Category=Formula discrepancy
BEL | ROCE | Calculated=2633.07 | Source=34.60 | Difference=2598.47 | Category=Formula discrepancy
BEL | ROE | Calculated=3478.26 | Source=26.30 | Difference=3451.96 | Category=Formula discrepancy
BEL | ROCE | Calculated=3587.72 | Source=34.60 | Difference=3553.12 | Category=Formula discrepancy
BEL | ROE | Calculated=3981.33 | Source=26.30 | Difference=3955.03 | Category=Formula discrepancy
BEL | ROCE | Calculated=3977.17 | Source=34.60 | Difference=3942.57 | Category=Formula discrepancy
BEL | ROE | Calculated=4744.05 | Source=26.30 | Difference=4717.75 | Category=Formula discrepancy
BHARTIARTL | ROCE | Calculated=19.61 | Source=13.10 | Difference=6.51 | Category=Version difference
BHARTIARTL | ROE | Calculated=4.50 | Source=14.90 | Difference=10.40 | Category=Formula discrepancy
BHARTIARTL | ROCE | Calculated=19.54 | Source=13.10 | Difference=6.44 | Category=Version difference
BHARTIARTL | ROE | Calculated=5.05 | Source=14.90 | Difference=9.85 | Category=Version difference
BHARTIARTL | ROCE | Calculated=27.28 | Source=13.10 | Difference=14.18 | Category=Formula discrepancy
BHARTIARTL | ROCE | Calculated=20.30 | Source=13.10 | Difference=7.20 | Category=Version difference
BHARTIARTL | ROCE | Calculated=20.22 | Source=13.10 | Difference=7.12 | Category=Version difference
BHARTIARTL | ROE | Calculated=6.29 | Source=14.90 | Difference=8.61 | Category=Version difference
BHARTIARTL | ROE | Calculated=3.14 | Source=14.90 | Difference=11.76 | Category=Formula discrepancy
BHARTIARTL | ROE | Calculated=2.36 | Source=14.90 | Difference=12.54 | Category=Formula discrepancy
BHARTIARTL | ROE | Calculated=-39.75 | Source=14.90 | Difference=54.65 | Category=Formula discrepancy
BHARTIARTL | ROCE | Calculated=20.42 | Source=13.10 | Difference=7.32 | Category=Version difference
BHARTIARTL | ROE | Calculated=-20.97 | Source=14.90 | Difference=35.87 | Category=Formula discrepancy
BHARTIARTL | ROCE | Calculated=24.35 | Source=13.10 | Difference=11.25 | Category=Formula discrepancy
BHARTIARTL | ROCE | Calculated=23.48 | Source=13.10 | Difference=10.38 | Category=Formula discrepancy
BHARTIARTL | ROCE | Calculated=26.25 | Source=13.10 | Difference=13.15 | Category=Formula discrepancy
BHEL | ROCE | Calculated=28.52 | Source=3.28 | Difference=25.24 | Category=Formula discrepancy
BHEL | ROE | Calculated=21.91 | Source=1.05 | Difference=20.86 | Category=Formula discrepancy
BHEL | ROCE | Calculated=12.09 | Source=3.28 | Difference=8.81 | Category=Version difference
BHEL | ROE | Calculated=10.56 | Source=1.05 | Difference=9.51 | Category=Version difference
BHEL | ROCE | Calculated=-4.17 | Source=3.28 | Difference=7.45 | Category=Version difference
BHEL | ROE | Calculated=-5.12 | Source=1.05 | Difference=6.17 | Category=Version difference
BHEL | ROCE | Calculated=-9.86 | Source=3.28 | Difference=13.14 | Category=Formula discrepancy
BHEL | ROE | Calculated=-10.39 | Source=1.05 | Difference=11.44 | Category=Formula discrepancy
BOSCHLTD | ROCE | Calculated=26.56 | Source=20.60 | Difference=5.96 | Category=Version difference
BOSCHLTD | ROE | Calculated=7.01 | Source=16.00 | Difference=8.99 | Category=Version difference
BOSCHLTD | ROCE | Calculated=11.77 | Source=20.60 | Difference=8.83 | Category=Version difference
BOSCHLTD | ROE | Calculated=4.91 | Source=16.00 | Difference=11.09 | Category=Formula discrepancy
BOSCHLTD | ROCE | Calculated=13.59 | Source=20.60 | Difference=7.01 | Category=Version difference
BPCL | ROCE | Calculated=13.44 | Source=32.10 | Difference=18.66 | Category=Formula discrepancy
BPCL | ROE | Calculated=11.54 | Source=41.90 | Difference=30.36 | Category=Formula discrepancy
BPCL | ROCE | Calculated=17.90 | Source=32.10 | Difference=14.20 | Category=Formula discrepancy
BPCL | ROE | Calculated=20.85 | Source=41.90 | Difference=21.05 | Category=Formula discrepancy
BPCL | ROCE | Calculated=20.35 | Source=32.10 | Difference=11.75 | Category=Formula discrepancy
BPCL | ROE | Calculated=22.52 | Source=41.90 | Difference=19.38 | Category=Formula discrepancy
BPCL | ROCE | Calculated=25.34 | Source=32.10 | Difference=6.76 | Category=Version difference
BPCL | ROE | Calculated=29.10 | Source=41.90 | Difference=12.80 | Category=Formula discrepancy
BPCL | ROCE | Calculated=20.71 | Source=32.10 | Difference=11.39 | Category=Formula discrepancy
BPCL | ROE | Calculated=30.85 | Source=41.90 | Difference=11.05 | Category=Formula discrepancy
BPCL | ROCE | Calculated=20.62 | Source=32.10 | Difference=11.48 | Category=Formula discrepancy
BPCL | ROE | Calculated=26.74 | Source=41.90 | Difference=15.16 | Category=Formula discrepancy
BPCL | ROCE | Calculated=18.08 | Source=32.10 | Difference=14.02 | Category=Formula discrepancy
BPCL | ROE | Calculated=22.00 | Source=41.90 | Difference=19.90 | Category=Formula discrepancy
BPCL | ROCE | Calculated=8.80 | Source=32.10 | Difference=23.30 | Category=Formula discrepancy
BPCL | ROE | Calculated=10.04 | Source=41.90 | Difference=31.86 | Category=Formula discrepancy
BPCL | ROCE | Calculated=19.43 | Source=32.10 | Difference=12.67 | Category=Formula discrepancy
BPCL | ROE | Calculated=32.34 | Source=41.90 | Difference=9.56 | Category=Version difference
BPCL | ROCE | Calculated=16.44 | Source=32.10 | Difference=15.66 | Category=Formula discrepancy
BPCL | ROE | Calculated=22.51 | Source=41.90 | Difference=19.39 | Category=Formula discrepancy
BPCL | ROCE | Calculated=8.87 | Source=32.10 | Difference=23.23 | Category=Formula discrepancy
BPCL | ROE | Calculated=3.98 | Source=41.90 | Difference=37.92 | Category=Formula discrepancy
BPCL | ROE | Calculated=35.51 | Source=41.90 | Difference=6.39 | Category=Version difference
BRITANNIA | ROE | Calculated=46.59 | Source=57.10 | Difference=10.51 | Category=Formula discrepancy
BRITANNIA | ROCE | Calculated=66.14 | Source=48.90 | Difference=17.24 | Category=Formula discrepancy
BRITANNIA | ROE | Calculated=49.50 | Source=57.10 | Difference=7.60 | Category=Version difference
BRITANNIA | ROCE | Calculated=62.59 | Source=48.90 | Difference=13.69 | Category=Formula discrepancy
BRITANNIA | ROCE | Calculated=55.06 | Source=48.90 | Difference=6.16 | Category=Version difference
BRITANNIA | ROE | Calculated=39.44 | Source=57.10 | Difference=17.66 | Category=Formula discrepancy
BRITANNIA | ROE | Calculated=32.83 | Source=57.10 | Difference=24.27 | Category=Formula discrepancy
BRITANNIA | ROCE | Calculated=41.61 | Source=48.90 | Difference=7.29 | Category=Version difference
BRITANNIA | ROE | Calculated=29.48 | Source=57.10 | Difference=27.62 | Category=Formula discrepancy
BRITANNIA | ROCE | Calculated=39.28 | Source=48.90 | Difference=9.62 | Category=Version difference
BRITANNIA | ROE | Calculated=27.16 | Source=57.10 | Difference=29.94 | Category=Formula discrepancy
BRITANNIA | ROCE | Calculated=31.02 | Source=48.90 | Difference=17.88 | Category=Formula discrepancy
BRITANNIA | ROE | Calculated=31.66 | Source=57.10 | Difference=25.44 | Category=Formula discrepancy
BRITANNIA | ROCE | Calculated=43.68 | Source=48.90 | Difference=5.22 | Category=Version difference
BRITANNIA | ROCE | Calculated=43.35 | Source=48.90 | Difference=5.55 | Category=Version difference
BRITANNIA | ROE | Calculated=65.53 | Source=57.10 | Difference=8.43 | Category=Version difference
CANBK | ROE | Calculated=11.90 | Source=17.90 | Difference=6.00 | Category=Version difference
CANBK | ROE | Calculated=8.85 | Source=17.90 | Difference=9.05 | Category=Version difference
CANBK | ROE | Calculated=9.02 | Source=17.90 | Difference=8.88 | Category=Version difference
CANBK | ROE | Calculated=-7.82 | Source=17.90 | Difference=25.72 | Category=Formula discrepancy
CANBK | ROE | Calculated=4.07 | Source=17.90 | Difference=13.83 | Category=Formula discrepancy
CANBK | ROE | Calculated=-10.50 | Source=17.90 | Difference=28.40 | Category=Formula discrepancy
CANBK | ROE | Calculated=1.85 | Source=17.90 | Difference=16.05 | Category=Formula discrepancy
CANBK | ROE | Calculated=-4.66 | Source=17.90 | Difference=22.56 | Category=Formula discrepancy
CANBK | ROE | Calculated=4.74 | Source=17.90 | Difference=13.16 | Category=Formula discrepancy
CANBK | ROE | Calculated=8.80 | Source=17.90 | Difference=9.10 | Category=Version difference
CHOLAFIN | ROCE | Calculated=4.00 | Source=10.40 | Difference=6.40 | Category=Version difference
CHOLAFIN | ROCE | Calculated=4.58 | Source=10.40 | Difference=5.82 | Category=Version difference
CHOLAFIN | ROCE | Calculated=4.69 | Source=10.40 | Difference=5.71 | Category=Version difference
CHOLAFIN | ROCE | Calculated=4.83 | Source=10.40 | Difference=5.57 | Category=Version difference
CHOLAFIN | ROCE | Calculated=4.66 | Source=10.40 | Difference=5.74 | Category=Version difference
CHOLAFIN | ROCE | Calculated=3.34 | Source=10.40 | Difference=7.06 | Category=Version difference
CHOLAFIN | ROCE | Calculated=2.87 | Source=10.40 | Difference=7.53 | Category=Version difference
CHOLAFIN | ROCE | Calculated=3.83 | Source=10.40 | Difference=6.57 | Category=Version difference
CHOLAFIN | ROE | Calculated=12.85 | Source=20.20 | Difference=7.35 | Category=Version difference
CHOLAFIN | ROCE | Calculated=3.97 | Source=10.40 | Difference=6.43 | Category=Version difference
CHOLAFIN | ROCE | Calculated=3.61 | Source=10.40 | Difference=6.79 | Category=Version difference
CHOLAFIN | ROCE | Calculated=3.24 | Source=10.40 | Difference=7.16 | Category=Version difference
CHOLAFIN | ROCE | Calculated=3.50 | Source=10.40 | Difference=6.90 | Category=Version difference
CIPLA | ROCE | Calculated=60.74 | Source=22.80 | Difference=37.94 | Category=Formula discrepancy
CIPLA | ROCE | Calculated=71.03 | Source=22.80 | Difference=48.23 | Category=Formula discrepancy
CIPLA | ROCE | Calculated=73.43 | Source=22.80 | Difference=50.63 | Category=Formula discrepancy
CIPLA | ROE | Calculated=11.38 | Source=16.80 | Difference=5.42 | Category=Version difference
CIPLA | ROCE | Calculated=67.65 | Source=22.80 | Difference=44.85 | Category=Formula discrepancy
CIPLA | ROCE | Calculated=71.43 | Source=22.80 | Difference=48.63 | Category=Formula discrepancy
CIPLA | ROE | Calculated=8.25 | Source=16.80 | Difference=8.55 | Category=Version difference
CIPLA | ROCE | Calculated=67.27 | Source=22.80 | Difference=44.47 | Category=Formula discrepancy
CIPLA | ROE | Calculated=9.96 | Source=16.80 | Difference=6.84 | Category=Version difference
CIPLA | ROCE | Calculated=68.63 | Source=22.80 | Difference=45.83 | Category=Formula discrepancy
CIPLA | ROE | Calculated=9.94 | Source=16.80 | Difference=6.86 | Category=Version difference
CIPLA | ROCE | Calculated=74.96 | Source=22.80 | Difference=52.16 | Category=Formula discrepancy
CIPLA | ROE | Calculated=9.52 | Source=16.80 | Difference=7.28 | Category=Version difference
CIPLA | ROCE | Calculated=73.29 | Source=22.80 | Difference=50.49 | Category=Formula discrepancy
CIPLA | ROCE | Calculated=78.60 | Source=22.80 | Difference=55.80 | Category=Formula discrepancy
CIPLA | ROCE | Calculated=73.22 | Source=22.80 | Difference=50.42 | Category=Formula discrepancy
CIPLA | ROCE | Calculated=71.46 | Source=22.80 | Difference=48.66 | Category=Formula discrepancy
COALINDIA | ROCE | Calculated=100.88 | Source=63.60 | Difference=37.28 | Category=Formula discrepancy
COALINDIA | ROE | Calculated=35.81 | Source=52.00 | Difference=16.19 | Category=Formula discrepancy
COALINDIA | ROCE | Calculated=124.09 | Source=63.60 | Difference=60.49 | Category=Formula discrepancy
COALINDIA | ROE | Calculated=35.64 | Source=52.00 | Difference=16.36 | Category=Formula discrepancy
COALINDIA | ROCE | Calculated=139.29 | Source=63.60 | Difference=75.69 | Category=Formula discrepancy
COALINDIA | ROE | Calculated=34.02 | Source=52.00 | Difference=17.98 | Category=Formula discrepancy
COALINDIA | ROCE | Calculated=164.15 | Source=63.60 | Difference=100.55 | Category=Formula discrepancy
COALINDIA | ROE | Calculated=40.96 | Source=52.00 | Difference=11.04 | Category=Formula discrepancy
COALINDIA | ROCE | Calculated=238.69 | Source=63.60 | Difference=175.09 | Category=Formula discrepancy
COALINDIA | ROE | Calculated=37.85 | Source=52.00 | Difference=14.15 | Category=Formula discrepancy
COALINDIA | ROCE | Calculated=349.77 | Source=63.60 | Difference=286.17 | Category=Formula discrepancy
COALINDIA | ROE | Calculated=34.88 | Source=52.00 | Difference=17.12 | Category=Formula discrepancy
COALINDIA | ROCE | Calculated=260.17 | Source=63.60 | Difference=196.57 | Category=Formula discrepancy
COALINDIA | ROE | Calculated=66.01 | Source=52.00 | Difference=14.01 | Category=Formula discrepancy
COALINDIA | ROCE | Calculated=193.05 | Source=63.60 | Difference=129.45 | Category=Formula discrepancy
COALINDIA | ROCE | Calculated=168.38 | Source=63.60 | Difference=104.78 | Category=Formula discrepancy
COALINDIA | ROE | Calculated=34.78 | Source=52.00 | Difference=17.22 | Category=Formula discrepancy
COALINDIA | ROCE | Calculated=182.17 | Source=63.60 | Difference=118.57 | Category=Formula discrepancy
COALINDIA | ROE | Calculated=40.28 | Source=52.00 | Difference=11.72 | Category=Formula discrepancy
COALINDIA | ROCE | Calculated=144.26 | Source=63.60 | Difference=80.66 | Category=Formula discrepancy
COALINDIA | ROCE | Calculated=105.71 | Source=63.60 | Difference=42.11 | Category=Formula discrepancy
COALINDIA | ROE | Calculated=45.17 | Source=52.00 | Difference=6.83 | Category=Version difference
DABUR | ROCE | Calculated=30.56 | Source=22.30 | Difference=8.26 | Category=Version difference
DABUR | ROE | Calculated=36.56 | Source=19.20 | Difference=17.36 | Category=Formula discrepancy
DABUR | ROCE | Calculated=34.54 | Source=22.30 | Difference=12.24 | Category=Formula discrepancy
DABUR | ROE | Calculated=34.49 | Source=19.20 | Difference=15.29 | Category=Formula discrepancy
DABUR | ROCE | Calculated=32.29 | Source=22.30 | Difference=9.99 | Category=Version difference
DABUR | ROE | Calculated=31.84 | Source=19.20 | Difference=12.64 | Category=Formula discrepancy
DABUR | ROCE | Calculated=30.51 | Source=22.30 | Difference=8.21 | Category=Version difference
DABUR | ROE | Calculated=30.06 | Source=19.20 | Difference=10.86 | Category=Formula discrepancy
DABUR | ROE | Calculated=26.41 | Source=19.20 | Difference=7.21 | Category=Version difference
DABUR | ROCE | Calculated=27.48 | Source=22.30 | Difference=5.18 | Category=Version difference
DABUR | ROE | Calculated=25.67 | Source=19.20 | Difference=6.47 | Category=Version difference
DIVISLAB | ROCE | Calculated=32.20 | Source=16.50 | Difference=15.70 | Category=Formula discrepancy
DIVISLAB | ROE | Calculated=24.07 | Source=12.20 | Difference=11.87 | Category=Formula discrepancy
DIVISLAB | ROCE | Calculated=34.14 | Source=16.50 | Difference=17.64 | Category=Formula discrepancy
DIVISLAB | ROE | Calculated=26.08 | Source=12.20 | Difference=13.88 | Category=Formula discrepancy
DIVISLAB | ROCE | Calculated=33.30 | Source=16.50 | Difference=16.80 | Category=Formula discrepancy
DIVISLAB | ROE | Calculated=24.37 | Source=12.20 | Difference=12.17 | Category=Formula discrepancy
DIVISLAB | ROCE | Calculated=32.83 | Source=16.50 | Difference=16.33 | Category=Formula discrepancy
DIVISLAB | ROE | Calculated=26.23 | Source=12.20 | Difference=14.03 | Category=Formula discrepancy
DIVISLAB | ROCE | Calculated=26.89 | Source=16.50 | Difference=10.39 | Category=Formula discrepancy
DIVISLAB | ROE | Calculated=19.79 | Source=12.20 | Difference=7.59 | Category=Version difference
DIVISLAB | ROCE | Calculated=26.53 | Source=16.50 | Difference=10.03 | Category=Formula discrepancy
DIVISLAB | ROE | Calculated=19.45 | Source=12.20 | Difference=7.25 | Category=Version difference
DIVISLAB | ROCE | Calculated=24.85 | Source=16.50 | Difference=8.35 | Category=Version difference
DIVISLAB | ROE | Calculated=18.84 | Source=12.20 | Difference=6.64 | Category=Version difference
DIVISLAB | ROCE | Calculated=30.83 | Source=16.50 | Difference=14.33 | Category=Formula discrepancy
DIVISLAB | ROE | Calculated=21.34 | Source=12.20 | Difference=9.14 | Category=Version difference
DIVISLAB | ROCE | Calculated=33.11 | Source=16.50 | Difference=16.61 | Category=Formula discrepancy
DIVISLAB | ROE | Calculated=25.24 | Source=12.20 | Difference=13.04 | Category=Formula discrepancy
DLF | ROE | Calculated=1.85 | Source=6.95 | Difference=5.10 | Category=Version difference
DLF | ROE | Calculated=1.27 | Source=6.95 | Difference=5.68 | Category=Version difference
DLF | ROE | Calculated=12.68 | Source=6.95 | Difference=5.73 | Category=Version difference
DLF | ROE | Calculated=-1.71 | Source=6.95 | Difference=8.66 | Category=Version difference
DMART | ROCE | Calculated=24.47 | Source=19.40 | Difference=5.07 | Category=Version difference
DMART | ROE | Calculated=21.04 | Source=14.50 | Difference=6.54 | Category=Version difference
DMART | ROCE | Calculated=26.49 | Source=19.40 | Difference=7.09 | Category=Version difference
DMART | ROCE | Calculated=25.97 | Source=19.40 | Difference=6.57 | Category=Version difference
DMART | ROCE | Calculated=13.87 | Source=19.40 | Difference=5.53 | Category=Version difference
DMART | ROE | Calculated=9.02 | Source=14.50 | Difference=5.48 | Category=Version difference
DRREDDY | ROCE | Calculated=14.39 | Source=26.50 | Difference=12.11 | Category=Formula discrepancy
DRREDDY | ROE | Calculated=10.54 | Source=21.40 | Difference=10.86 | Category=Formula discrepancy
DRREDDY | ROCE | Calculated=13.33 | Source=26.50 | Difference=13.17 | Category=Formula discrepancy
DRREDDY | ROE | Calculated=7.53 | Source=21.40 | Difference=13.87 | Category=Formula discrepancy
DRREDDY | ROCE | Calculated=17.79 | Source=26.50 | Difference=8.71 | Category=Version difference
DRREDDY | ROE | Calculated=13.90 | Source=21.40 | Difference=7.50 | Category=Version difference
DRREDDY | ROCE | Calculated=13.91 | Source=26.50 | Difference=12.59 | Category=Formula discrepancy
DRREDDY | ROE | Calculated=12.99 | Source=21.40 | Difference=8.41 | Category=Version difference
DRREDDY | ROCE | Calculated=18.74 | Source=26.50 | Difference=7.76 | Category=Version difference
DRREDDY | ROE | Calculated=11.07 | Source=21.40 | Difference=10.33 | Category=Formula discrepancy
DRREDDY | ROCE | Calculated=16.68 | Source=26.50 | Difference=9.82 | Category=Version difference
DRREDDY | ROE | Calculated=11.36 | Source=21.40 | Difference=10.04 | Category=Formula discrepancy
EICHERMOT | ROCE | Calculated=43.43 | Source=31.10 | Difference=12.33 | Category=Formula discrepancy
EICHERMOT | ROCE | Calculated=45.97 | Source=31.10 | Difference=14.87 | Category=Formula discrepancy
EICHERMOT | ROE | Calculated=36.63 | Source=24.20 | Difference=12.43 | Category=Formula discrepancy
EICHERMOT | ROCE | Calculated=39.84 | Source=31.10 | Difference=8.74 | Category=Version difference
EICHERMOT | ROE | Calculated=31.19 | Source=24.20 | Difference=6.99 | Category=Version difference
EICHERMOT | ROCE | Calculated=39.12 | Source=31.10 | Difference=8.02 | Category=Version difference
EICHERMOT | ROCE | Calculated=21.34 | Source=31.10 | Difference=9.76 | Category=Version difference
EICHERMOT | ROE | Calculated=18.30 | Source=24.20 | Difference=5.90 | Category=Version difference
EICHERMOT | ROCE | Calculated=15.30 | Source=31.10 | Difference=15.80 | Category=Formula discrepancy
EICHERMOT | ROE | Calculated=11.78 | Source=24.20 | Difference=12.42 | Category=Formula discrepancy
EICHERMOT | ROCE | Calculated=17.13 | Source=31.10 | Difference=13.97 | Category=Formula discrepancy
EICHERMOT | ROE | Calculated=13.30 | Source=24.20 | Difference=10.90 | Category=Formula discrepancy
EICHERMOT | ROCE | Calculated=22.56 | Source=31.10 | Difference=8.54 | Category=Version difference
EICHERMOT | ROCE | Calculated=23.45 | Source=31.10 | Difference=7.65 | Category=Version difference
GAIL | ROE | Calculated=5.15 | Source=14.00 | Difference=8.85 | Category=Version difference
GAIL | ROE | Calculated=8.58 | Source=14.00 | Difference=5.42 | Category=Version difference
GAIL | ROCE | Calculated=20.61 | Source=14.70 | Difference=5.91 | Category=Version difference
GAIL | ROE | Calculated=19.31 | Source=14.00 | Difference=5.31 | Category=Version difference
GAIL | ROCE | Calculated=20.68 | Source=14.70 | Difference=5.98 | Category=Version difference
GAIL | ROE | Calculated=19.19 | Source=14.00 | Difference=5.19 | Category=Version difference
GAIL | ROCE | Calculated=9.06 | Source=14.70 | Difference=5.64 | Category=Version difference
GAIL | ROE | Calculated=8.62 | Source=14.00 | Difference=5.38 | Category=Version difference
GODREJCP | ROCE | Calculated=17.25 | Source=26.49 | Difference=9.24 | Category=Version difference
GODREJCP | ROE | Calculated=25.51 | Source=6.77 | Difference=18.74 | Category=Formula discrepancy
GODREJCP | ROCE | Calculated=19.01 | Source=26.49 | Difference=7.48 | Category=Version difference
GODREJCP | ROE | Calculated=21.70 | Source=6.77 | Difference=14.93 | Category=Formula discrepancy
GODREJCP | ROCE | Calculated=19.62 | Source=26.49 | Difference=6.87 | Category=Version difference
GODREJCP | ROE | Calculated=22.64 | Source=6.77 | Difference=15.87 | Category=Formula discrepancy
GODREJCP | ROE | Calculated=19.48 | Source=6.77 | Difference=12.71 | Category=Formula discrepancy
GODREJCP | ROCE | Calculated=20.50 | Source=26.49 | Difference=5.99 | Category=Version difference
GODREJCP | ROE | Calculated=24.67 | Source=6.77 | Difference=17.90 | Category=Formula discrepancy
GODREJCP | ROCE | Calculated=21.34 | Source=26.49 | Difference=5.15 | Category=Version difference
GODREJCP | ROE | Calculated=26.11 | Source=6.77 | Difference=19.34 | Category=Formula discrepancy
GODREJCP | ROCE | Calculated=20.02 | Source=26.49 | Difference=6.47 | Category=Version difference
GODREJCP | ROE | Calculated=32.23 | Source=6.77 | Difference=25.46 | Category=Formula discrepancy
GODREJCP | ROCE | Calculated=18.77 | Source=26.49 | Difference=7.72 | Category=Version difference
GODREJCP | ROE | Calculated=18.95 | Source=6.77 | Difference=12.18 | Category=Formula discrepancy
GODREJCP | ROCE | Calculated=21.22 | Source=26.49 | Difference=5.27 | Category=Version difference
GODREJCP | ROE | Calculated=18.23 | Source=6.77 | Difference=11.46 | Category=Formula discrepancy
GODREJCP | ROCE | Calculated=18.17 | Source=26.49 | Difference=8.32 | Category=Version difference
GODREJCP | ROE | Calculated=15.43 | Source=6.77 | Difference=8.66 | Category=Version difference
GODREJCP | ROCE | Calculated=16.37 | Source=26.49 | Difference=10.12 | Category=Formula discrepancy
GODREJCP | ROE | Calculated=12.34 | Source=6.77 | Difference=5.57 | Category=Version difference
GODREJCP | ROCE | Calculated=18.69 | Source=26.49 | Difference=7.80 | Category=Version difference
GODREJCP | ROE | Calculated=-4.45 | Source=6.77 | Difference=11.22 | Category=Formula discrepancy
GRASIM | ROCE | Calculated=20.28 | Source=9.30 | Difference=10.98 | Category=Formula discrepancy
GRASIM | ROE | Calculated=19.22 | Source=6.90 | Difference=12.32 | Category=Formula discrepancy
GRASIM | ROCE | Calculated=15.70 | Source=9.30 | Difference=6.40 | Category=Version difference
GRASIM | ROE | Calculated=13.67 | Source=6.90 | Difference=6.77 | Category=Version difference
GRASIM | ROCE | Calculated=14.67 | Source=9.30 | Difference=5.37 | Category=Version difference
GRASIM | ROCE | Calculated=14.80 | Source=9.30 | Difference=5.50 | Category=Version difference
GRASIM | ROE | Calculated=12.60 | Source=6.90 | Difference=5.70 | Category=Version difference
GRASIM | ROCE | Calculated=18.19 | Source=9.30 | Difference=8.89 | Category=Version difference
GRASIM | ROE | Calculated=13.53 | Source=6.90 | Difference=6.63 | Category=Version difference
GRASIM | ROE | Calculated=14.80 | Source=6.90 | Difference=7.90 | Category=Version difference
GRASIM | ROE | Calculated=14.07 | Source=6.90 | Difference=7.17 | Category=Version difference
HAL | ROCE | Calculated=2397.04 | Source=38.90 | Difference=2358.14 | Category=Formula discrepancy
HAL | ROE | Calculated=1966.92 | Source=28.90 | Difference=1938.02 | Category=Formula discrepancy
HAL | ROCE | Calculated=2601.50 | Source=38.90 | Difference=2562.60 | Category=Formula discrepancy
HAL | ROE | Calculated=1528.46 | Source=28.90 | Difference=1499.56 | Category=Formula discrepancy
HAL | ROCE | Calculated=3240.43 | Source=38.90 | Difference=3201.53 | Category=Formula discrepancy
HAL | ROE | Calculated=1763.91 | Source=28.90 | Difference=1735.01 | Category=Formula discrepancy
HAL | ROCE | Calculated=3485.71 | Source=38.90 | Difference=3446.81 | Category=Formula discrepancy
HAL | ROE | Calculated=2059.42 | Source=28.90 | Difference=2030.52 | Category=Formula discrepancy
HAL | ROCE | Calculated=3560.67 | Source=38.90 | Difference=3521.77 | Category=Formula discrepancy
HAL | ROE | Calculated=2249.31 | Source=28.90 | Difference=2220.41 | Category=Formula discrepancy
HAL | ROCE | Calculated=3284.85 | Source=38.90 | Difference=3245.95 | Category=Formula discrepancy
HAL | ROE | Calculated=3324.18 | Source=28.90 | Difference=3295.28 | Category=Formula discrepancy
HAL | ROCE | Calculated=2977.23 | Source=38.90 | Difference=2938.33 | Category=Formula discrepancy
HAL | ROE | Calculated=3283.05 | Source=28.90 | Difference=3254.15 | Category=Formula discrepancy
HAL | ROCE | Calculated=3027.64 | Source=38.90 | Difference=2988.74 | Category=Formula discrepancy
HAL | ROE | Calculated=3816.58 | Source=28.90 | Difference=3787.68 | Category=Formula discrepancy
HAVELLS | ROE | Calculated=40.29 | Source=18.00 | Difference=22.29 | Category=Formula discrepancy
HAVELLS | ROE | Calculated=26.77 | Source=18.00 | Difference=8.77 | Category=Version difference
HAVELLS | ROCE | Calculated=33.68 | Source=24.40 | Difference=9.28 | Category=Version difference
HAVELLS | ROE | Calculated=42.95 | Source=18.00 | Difference=24.95 | Category=Formula discrepancy
HCLTECH | ROCE | Calculated=39.98 | Source=29.60 | Difference=10.38 | Category=Formula discrepancy
HCLTECH | ROE | Calculated=30.69 | Source=23.30 | Difference=7.39 | Category=Version difference
HCLTECH | ROCE | Calculated=39.07 | Source=29.60 | Difference=9.47 | Category=Version difference
HCLTECH | ROE | Calculated=33.39 | Source=23.30 | Difference=10.09 | Category=Formula discrepancy
HCLTECH | ROE | Calculated=30.31 | Source=23.30 | Difference=7.01 | Category=Version difference
HDFCBANK | ROCE | Calculated=2.60 | Source=7.67 | Difference=5.07 | Category=Version difference
HDFCLIFE | ROCE | Calculated=1012.34 | Source=6.61 | Difference=1005.73 | Category=Formula discrepancy
HDFCLIFE | ROE | Calculated=33.43 | Source=11.40 | Difference=22.03 | Category=Formula discrepancy
HDFCLIFE | ROCE | Calculated=858.97 | Source=6.61 | Difference=852.36 | Category=Formula discrepancy
HDFCLIFE | ROE | Calculated=37.60 | Source=11.40 | Difference=26.20 | Category=Formula discrepancy
HDFCLIFE | ROCE | Calculated=1036.64 | Source=6.61 | Difference=1030.03 | Category=Formula discrepancy
HDFCLIFE | ROE | Calculated=30.93 | Source=11.40 | Difference=19.53 | Category=Formula discrepancy
HDFCLIFE | ROCE | Calculated=553.88 | Source=6.61 | Difference=547.27 | Category=Formula discrepancy
HDFCLIFE | ROE | Calculated=26.33 | Source=11.40 | Difference=14.93 | Category=Formula discrepancy
HDFCLIFE | ROCE | Calculated=775.59 | Source=6.61 | Difference=768.98 | Category=Formula discrepancy
HDFCLIFE | ROE | Calculated=23.18 | Source=11.40 | Difference=11.78 | Category=Formula discrepancy
HDFCLIFE | ROCE | Calculated=662.83 | Source=6.61 | Difference=656.22 | Category=Formula discrepancy
HDFCLIFE | ROE | Calculated=23.53 | Source=11.40 | Difference=12.13 | Category=Formula discrepancy
HDFCLIFE | ROCE | Calculated=667.14 | Source=6.61 | Difference=660.53 | Category=Formula discrepancy
HDFCLIFE | ROE | Calculated=22.65 | Source=11.40 | Difference=11.25 | Category=Formula discrepancy
HDFCLIFE | ROCE | Calculated=414.85 | Source=6.61 | Difference=408.24 | Category=Formula discrepancy
HDFCLIFE | ROE | Calculated=19.05 | Source=11.40 | Difference=7.65 | Category=Version difference
HDFCLIFE | ROCE | Calculated=760.76 | Source=6.61 | Difference=754.15 | Category=Formula discrepancy
HDFCLIFE | ROCE | Calculated=409.20 | Source=6.61 | Difference=402.59 | Category=Formula discrepancy
HDFCLIFE | ROCE | Calculated=502.95 | Source=6.61 | Difference=496.34 | Category=Formula discrepancy
HDFCLIFE | ROCE | Calculated=646.46 | Source=6.61 | Difference=639.85 | Category=Formula discrepancy
HEROMOTOCO | ROCE | Calculated=367.73 | Source=29.10 | Difference=338.63 | Category=Formula discrepancy
HEROMOTOCO | ROE | Calculated=37.38 | Source=22.00 | Difference=15.38 | Category=Formula discrepancy
HEROMOTOCO | ROCE | Calculated=361.72 | Source=29.10 | Difference=332.62 | Category=Formula discrepancy
HEROMOTOCO | ROE | Calculated=36.15 | Source=22.00 | Difference=14.15 | Category=Formula discrepancy
HEROMOTOCO | ROCE | Calculated=265.09 | Source=29.10 | Difference=235.99 | Category=Formula discrepancy
HEROMOTOCO | ROE | Calculated=35.23 | Source=22.00 | Difference=13.23 | Category=Formula discrepancy
HEROMOTOCO | ROCE | Calculated=227.14 | Source=29.10 | Difference=198.04 | Category=Formula discrepancy
HEROMOTOCO | ROE | Calculated=34.37 | Source=22.00 | Difference=12.37 | Category=Formula discrepancy
HEROMOTOCO | ROCE | Calculated=222.33 | Source=29.10 | Difference=193.23 | Category=Formula discrepancy
HEROMOTOCO | ROE | Calculated=31.09 | Source=22.00 | Difference=9.09 | Category=Version difference
HEROMOTOCO | ROCE | Calculated=215.50 | Source=29.10 | Difference=186.40 | Category=Formula discrepancy
HEROMOTOCO | ROCE | Calculated=169.49 | Source=29.10 | Difference=140.39 | Category=Formula discrepancy
HEROMOTOCO | ROCE | Calculated=168.14 | Source=29.10 | Difference=139.04 | Category=Formula discrepancy
HEROMOTOCO | ROCE | Calculated=159.83 | Source=29.10 | Difference=130.73 | Category=Formula discrepancy
HEROMOTOCO | ROE | Calculated=14.70 | Source=22.00 | Difference=7.30 | Category=Version difference
HEROMOTOCO | ROCE | Calculated=174.52 | Source=29.10 | Difference=145.42 | Category=Formula discrepancy
HEROMOTOCO | ROE | Calculated=16.81 | Source=22.00 | Difference=5.19 | Category=Version difference
HEROMOTOCO | ROCE | Calculated=177.84 | Source=29.10 | Difference=148.74 | Category=Formula discrepancy
HINDALCO | ROCE | Calculated=78.56 | Source=11.30 | Difference=67.26 | Category=Formula discrepancy
HINDALCO | ROCE | Calculated=75.62 | Source=11.30 | Difference=64.32 | Category=Formula discrepancy
HINDALCO | ROCE | Calculated=89.36 | Source=11.30 | Difference=78.06 | Category=Formula discrepancy
HINDALCO | ROE | Calculated=0.68 | Source=10.20 | Difference=9.52 | Category=Version difference
HINDALCO | ROCE | Calculated=84.12 | Source=11.30 | Difference=72.82 | Category=Formula discrepancy
HINDALCO | ROE | Calculated=-1.73 | Source=10.20 | Difference=11.93 | Category=Formula discrepancy
HINDALCO | ROCE | Calculated=79.97 | Source=11.30 | Difference=68.67 | Category=Formula discrepancy
HINDALCO | ROE | Calculated=4.09 | Source=10.20 | Difference=6.11 | Category=Version difference
HINDALCO | ROCE | Calculated=94.91 | Source=11.30 | Difference=83.61 | Category=Formula discrepancy
HINDALCO | ROCE | Calculated=104.65 | Source=11.30 | Difference=93.35 | Category=Formula discrepancy
HINDALCO | ROCE | Calculated=81.95 | Source=11.30 | Difference=70.65 | Category=Formula discrepancy
HINDALCO | ROCE | Calculated=85.58 | Source=11.30 | Difference=74.28 | Category=Formula discrepancy
HINDALCO | ROCE | Calculated=116.85 | Source=11.30 | Difference=105.55 | Category=Formula discrepancy
HINDALCO | ROE | Calculated=17.56 | Source=10.20 | Difference=7.36 | Category=Version difference
HINDALCO | ROCE | Calculated=129.30 | Source=11.30 | Difference=118.00 | Category=Formula discrepancy
HINDALCO | ROCE | Calculated=118.21 | Source=11.30 | Difference=106.91 | Category=Formula discrepancy
HINDUNILVR | ROCE | Calculated=788.37 | Source=27.20 | Difference=761.17 | Category=Formula discrepancy
HINDUNILVR | ROE | Calculated=134.00 | Source=20.20 | Difference=113.80 | Category=Formula discrepancy
HINDUNILVR | ROCE | Calculated=683.09 | Source=27.20 | Difference=655.89 | Category=Formula discrepancy
HINDUNILVR | ROE | Calculated=111.85 | Source=20.20 | Difference=91.65 | Category=Formula discrepancy
HINDUNILVR | ROCE | Calculated=652.58 | Source=27.20 | Difference=625.38 | Category=Formula discrepancy
HINDUNILVR | ROE | Calculated=108.67 | Source=20.20 | Difference=88.47 | Category=Formula discrepancy
HINDUNILVR | ROCE | Calculated=389.27 | Source=27.20 | Difference=362.07 | Category=Formula discrepancy
HINDUNILVR | ROE | Calculated=63.15 | Source=20.20 | Difference=42.95 | Category=Formula discrepancy
HINDUNILVR | ROCE | Calculated=382.20 | Source=27.20 | Difference=355.00 | Category=Formula discrepancy
HINDUNILVR | ROE | Calculated=66.58 | Source=20.20 | Difference=46.38 | Category=Formula discrepancy
HINDUNILVR | ROCE | Calculated=385.19 | Source=27.20 | Difference=357.99 | Category=Formula discrepancy
HINDUNILVR | ROE | Calculated=71.79 | Source=20.20 | Difference=51.59 | Category=Formula discrepancy
HINDUNILVR | ROCE | Calculated=382.00 | Source=27.20 | Difference=354.80 | Category=Formula discrepancy
HINDUNILVR | ROE | Calculated=77.03 | Source=20.20 | Difference=56.83 | Category=Formula discrepancy
HINDUNILVR | ROCE | Calculated=363.62 | Source=27.20 | Difference=336.42 | Category=Formula discrepancy
HINDUNILVR | ROE | Calculated=82.10 | Source=20.20 | Difference=61.90 | Category=Formula discrepancy
HINDUNILVR | ROCE | Calculated=74.26 | Source=27.20 | Difference=47.06 | Category=Formula discrepancy
HINDUNILVR | ROCE | Calculated=79.01 | Source=27.20 | Difference=51.81 | Category=Formula discrepancy
HINDUNILVR | ROCE | Calculated=90.12 | Source=27.20 | Difference=62.92 | Category=Formula discrepancy
HINDUNILVR | ROCE | Calculated=89.63 | Source=27.20 | Difference=62.43 | Category=Formula discrepancy
ICICIBANK | ROE | Calculated=11.61 | Source=18.80 | Difference=7.19 | Category=Version difference
ICICIBANK | ROE | Calculated=10.84 | Source=18.80 | Difference=7.96 | Category=Version difference
ICICIBANK | ROE | Calculated=8.23 | Source=18.80 | Difference=10.57 | Category=Formula discrepancy
ICICIBANK | ROE | Calculated=4.98 | Source=18.80 | Difference=13.82 | Category=Formula discrepancy
ICICIBANK | ROE | Calculated=9.13 | Source=18.80 | Difference=9.67 | Category=Version difference
ICICIBANK | ROE | Calculated=12.92 | Source=18.80 | Difference=5.88 | Category=Version difference
ICICIGI | ROCE | Calculated=224.12 | Source=22.50 | Difference=201.62 | Category=Formula discrepancy
ICICIGI | ROCE | Calculated=191.23 | Source=22.50 | Difference=168.73 | Category=Formula discrepancy
ICICIGI | ROCE | Calculated=154.40 | Source=22.50 | Difference=131.90 | Category=Formula discrepancy
ICICIGI | ROCE | Calculated=162.77 | Source=22.50 | Difference=140.27 | Category=Formula discrepancy
ICICIGI | ROCE | Calculated=150.50 | Source=22.50 | Difference=128.00 | Category=Formula discrepancy
ICICIGI | ROCE | Calculated=142.74 | Source=22.50 | Difference=120.24 | Category=Formula discrepancy
ICICIGI | ROCE | Calculated=161.33 | Source=22.50 | Difference=138.83 | Category=Formula discrepancy
ICICIGI | ROCE | Calculated=147.23 | Source=22.50 | Difference=124.73 | Category=Formula discrepancy
ICICIGI | ROCE | Calculated=124.81 | Source=22.50 | Difference=102.31 | Category=Formula discrepancy
ICICIGI | ROCE | Calculated=158.87 | Source=22.50 | Difference=136.37 | Category=Formula discrepancy
ICICIGI | ROCE | Calculated=158.53 | Source=22.50 | Difference=136.03 | Category=Formula discrepancy
ICICIGI | ROCE | Calculated=146.32 | Source=22.50 | Difference=123.82 | Category=Formula discrepancy
ICICIPRULI | ROCE | Calculated=486.75 | Source=8.75 | Difference=478.00 | Category=Formula discrepancy
ICICIPRULI | ROE | Calculated=38.25 | Source=8.07 | Difference=30.18 | Category=Formula discrepancy
ICICIPRULI | ROCE | Calculated=465.07 | Source=8.75 | Difference=456.32 | Category=Formula discrepancy
ICICIPRULI | ROE | Calculated=35.61 | Source=8.07 | Difference=27.54 | Category=Formula discrepancy
ICICIPRULI | ROCE | Calculated=622.94 | Source=8.75 | Difference=614.19 | Category=Formula discrepancy
ICICIPRULI | ROE | Calculated=31.15 | Source=8.07 | Difference=23.08 | Category=Formula discrepancy
ICICIPRULI | ROCE | Calculated=299.24 | Source=8.75 | Difference=290.49 | Category=Formula discrepancy
ICICIPRULI | ROE | Calculated=31.00 | Source=8.07 | Difference=22.93 | Category=Formula discrepancy
ICICIPRULI | ROCE | Calculated=562.13 | Source=8.75 | Difference=553.38 | Category=Formula discrepancy
ICICIPRULI | ROE | Calculated=26.26 | Source=8.07 | Difference=18.19 | Category=Formula discrepancy
ICICIPRULI | ROCE | Calculated=563.77 | Source=8.75 | Difference=555.02 | Category=Formula discrepancy
ICICIPRULI | ROE | Calculated=24.63 | Source=8.07 | Difference=16.56 | Category=Formula discrepancy
ICICIPRULI | ROCE | Calculated=595.58 | Source=8.75 | Difference=586.83 | Category=Formula discrepancy
ICICIPRULI | ROE | Calculated=16.58 | Source=8.07 | Difference=8.51 | Category=Version difference
ICICIPRULI | ROCE | Calculated=295.91 | Source=8.75 | Difference=287.16 | Category=Formula discrepancy
ICICIPRULI | ROE | Calculated=14.79 | Source=8.07 | Difference=6.72 | Category=Version difference
ICICIPRULI | ROCE | Calculated=810.67 | Source=8.75 | Difference=801.92 | Category=Formula discrepancy
ICICIPRULI | ROCE | Calculated=634.56 | Source=8.75 | Difference=625.81 | Category=Formula discrepancy
ICICIPRULI | ROCE | Calculated=462.67 | Source=8.75 | Difference=453.92 | Category=Formula discrepancy
ICICIPRULI | ROCE | Calculated=754.90 | Source=8.75 | Difference=746.15 | Category=Formula discrepancy
INDIGO | ROCE | Calculated=54207.79 | Source=24.50 | Difference=54183.29 | Category=Formula discrepancy
INDIGO | ROCE | Calculated=58065.22 | Source=24.50 | Difference=58040.72 | Category=Formula discrepancy
INDIGO | ROCE | Calculated=39546.05 | Source=24.50 | Difference=39521.55 | Category=Formula discrepancy
INDIGO | ROCE | Calculated=9443.96 | Source=24.50 | Difference=9419.46 | Category=Formula discrepancy
INDIGO | ROCE | Calculated=10908.00 | Source=24.50 | Difference=10883.50 | Category=Formula discrepancy
INDIGO | ROCE | Calculated=12981.17 | Source=24.50 | Difference=12956.67 | Category=Formula discrepancy
INDIGO | ROCE | Calculated=13201.84 | Source=24.50 | Difference=13177.34 | Category=Formula discrepancy
INDIGO | ROCE | Calculated=12475.20 | Source=24.50 | Difference=12450.70 | Category=Formula discrepancy
INDIGO | ROCE | Calculated=2554.62 | Source=24.50 | Difference=2530.12 | Category=Formula discrepancy
INDIGO | ROCE | Calculated=3832.78 | Source=24.50 | Difference=3808.28 | Category=Formula discrepancy
INDIGO | ROCE | Calculated=6074.27 | Source=24.50 | Difference=6049.77 | Category=Formula discrepancy
INDIGO | ROCE | Calculated=5640.88 | Source=24.50 | Difference=5616.38 | Category=Formula discrepancy
INDUSINDBK | ROCE | Calculated=2.73 | Source=7.93 | Difference=5.20 | Category=Version difference
INDUSINDBK | ROE | Calculated=6.54 | Source=15.20 | Difference=8.66 | Category=Version difference
INDUSINDBK | ROE | Calculated=9.67 | Source=15.20 | Difference=5.53 | Category=Version difference
INFY | ROCE | Calculated=30.37 | Source=40.00 | Difference=9.63 | Category=Version difference
INFY | ROE | Calculated=24.82 | Source=31.80 | Difference=6.98 | Category=Version difference
INFY | ROCE | Calculated=30.07 | Source=40.00 | Difference=9.93 | Category=Version difference
INFY | ROE | Calculated=23.93 | Source=31.80 | Difference=7.87 | Category=Version difference
INFY | ROCE | Calculated=29.33 | Source=40.00 | Difference=10.67 | Category=Formula discrepancy
INFY | ROE | Calculated=24.39 | Source=31.80 | Difference=7.41 | Category=Version difference
INFY | ROCE | Calculated=27.66 | Source=40.00 | Difference=12.34 | Category=Formula discrepancy
INFY | ROE | Calculated=21.85 | Source=31.80 | Difference=9.95 | Category=Version difference
INFY | ROCE | Calculated=26.97 | Source=40.00 | Difference=13.03 | Category=Formula discrepancy
INFY | ROE | Calculated=20.81 | Source=31.80 | Difference=10.99 | Category=Formula discrepancy
INFY | ROCE | Calculated=28.99 | Source=40.00 | Difference=11.01 | Category=Formula discrepancy
INFY | ROE | Calculated=24.69 | Source=31.80 | Difference=7.11 | Category=Version difference
INFY | ROCE | Calculated=31.06 | Source=40.00 | Difference=8.94 | Category=Version difference
INFY | ROE | Calculated=23.73 | Source=31.80 | Difference=8.07 | Category=Version difference
INFY | ROCE | Calculated=31.77 | Source=40.00 | Difference=8.23 | Category=Version difference
INFY | ROE | Calculated=25.42 | Source=31.80 | Difference=6.38 | Category=Version difference
INFY | ROCE | Calculated=34.15 | Source=40.00 | Difference=5.85 | Category=Version difference
INFY | ROE | Calculated=25.44 | Source=31.80 | Difference=6.36 | Category=Version difference
IOC | ROCE | Calculated=9.08 | Source=21.31 | Difference=12.23 | Category=Formula discrepancy
IOC | ROE | Calculated=5.75 | Source=25.44 | Difference=19.69 | Category=Formula discrepancy
IOC | ROCE | Calculated=10.58 | Source=21.31 | Difference=10.73 | Category=Formula discrepancy
IOC | ROE | Calculated=10.26 | Source=25.44 | Difference=15.18 | Category=Formula discrepancy
IOC | ROCE | Calculated=7.91 | Source=21.31 | Difference=13.40 | Category=Formula discrepancy
IOC | ROE | Calculated=7.08 | Source=25.44 | Difference=18.36 | Category=Formula discrepancy
IOC | ROCE | Calculated=14.84 | Source=21.31 | Difference=6.47 | Category=Version difference
IOC | ROE | Calculated=13.80 | Source=25.44 | Difference=11.64 | Category=Formula discrepancy
IOC | ROE | Calculated=19.97 | Source=25.44 | Difference=5.47 | Category=Version difference
IOC | ROE | Calculated=19.87 | Source=25.44 | Difference=5.57 | Category=Version difference
IOC | ROE | Calculated=15.36 | Source=25.44 | Difference=10.08 | Category=Formula discrepancy
IOC | ROCE | Calculated=7.13 | Source=21.31 | Difference=14.18 | Category=Formula discrepancy
IOC | ROE | Calculated=-1.97 | Source=25.44 | Difference=27.41 | Category=Formula discrepancy
IOC | ROE | Calculated=19.46 | Source=25.44 | Difference=5.98 | Category=Version difference
IOC | ROE | Calculated=19.27 | Source=25.44 | Difference=6.17 | Category=Version difference
IOC | ROCE | Calculated=10.63 | Source=21.31 | Difference=10.68 | Category=Formula discrepancy
IOC | ROE | Calculated=8.38 | Source=25.44 | Difference=17.06 | Category=Formula discrepancy
IRCTC | ROCE | Calculated=34.23 | Source=53.80 | Difference=19.57 | Category=Formula discrepancy
IRCTC | ROE | Calculated=29.50 | Source=40.40 | Difference=10.90 | Category=Formula discrepancy
IRCTC | ROCE | Calculated=35.06 | Source=53.80 | Difference=18.74 | Category=Formula discrepancy
IRCTC | ROE | Calculated=34.87 | Source=40.40 | Difference=5.53 | Category=Version difference
IRCTC | ROCE | Calculated=39.90 | Source=53.80 | Difference=13.90 | Category=Formula discrepancy
IRCTC | ROE | Calculated=29.10 | Source=40.40 | Difference=11.30 | Category=Formula discrepancy
IRCTC | ROCE | Calculated=28.69 | Source=53.80 | Difference=25.11 | Category=Formula discrepancy
IRCTC | ROE | Calculated=23.14 | Source=40.40 | Difference=17.26 | Category=Formula discrepancy
IRCTC | ROCE | Calculated=35.76 | Source=53.80 | Difference=18.04 | Category=Formula discrepancy
IRCTC | ROE | Calculated=28.85 | Source=40.40 | Difference=11.55 | Category=Formula discrepancy
IRCTC | ROCE | Calculated=12.25 | Source=53.80 | Difference=41.55 | Category=Formula discrepancy
IRCTC | ROE | Calculated=12.84 | Source=40.40 | Difference=27.56 | Category=Formula discrepancy
IRCTC | ROCE | Calculated=44.25 | Source=53.80 | Difference=9.55 | Category=Version difference
IRCTC | ROE | Calculated=35.29 | Source=40.40 | Difference=5.11 | Category=Version difference
IRCTC | ROCE | Calculated=44.56 | Source=53.80 | Difference=9.24 | Category=Version difference
IRCTC | ROE | Calculated=34.40 | Source=40.40 | Difference=6.00 | Category=Version difference
IRFC | ROE | Calculated=7.37 | Source=13.70 | Difference=6.33 | Category=Version difference
IRFC | ROE | Calculated=7.78 | Source=13.70 | Difference=5.92 | Category=Version difference
ITC | ROCE | Calculated=48.24 | Source=34.76 | Difference=13.48 | Category=Formula discrepancy
ITC | ROCE | Calculated=47.60 | Source=34.76 | Difference=12.84 | Category=Formula discrepancy
ITC | ROCE | Calculated=44.53 | Source=34.76 | Difference=9.77 | Category=Version difference
ITC | ROE | Calculated=22.26 | Source=29.47 | Difference=7.21 | Category=Version difference
ITC | ROE | Calculated=22.57 | Source=29.47 | Difference=6.90 | Category=Version difference
ITC | ROE | Calculated=21.89 | Source=29.47 | Difference=7.58 | Category=Version difference
ITC | ROE | Calculated=21.70 | Source=29.47 | Difference=7.77 | Category=Version difference
ITC | ROCE | Calculated=29.51 | Source=34.76 | Difference=5.25 | Category=Version difference
ITC | ROE | Calculated=23.89 | Source=29.47 | Difference=5.58 | Category=Version difference
ITC | ROCE | Calculated=28.15 | Source=34.76 | Difference=6.61 | Category=Version difference
ITC | ROE | Calculated=22.18 | Source=29.47 | Difference=7.29 | Category=Version difference
JINDALSTEL | ROE | Calculated=8.39 | Source=14.10 | Difference=5.71 | Category=Version difference
JINDALSTEL | ROE | Calculated=-6.90 | Source=14.10 | Difference=21.00 | Category=Formula discrepancy
JINDALSTEL | ROCE | Calculated=4.34 | Source=13.20 | Difference=8.86 | Category=Version difference
JINDALSTEL | ROE | Calculated=-9.52 | Source=14.10 | Difference=23.62 | Category=Formula discrepancy
JINDALSTEL | ROCE | Calculated=6.20 | Source=13.20 | Difference=7.00 | Category=Version difference
JINDALSTEL | ROE | Calculated=-8.45 | Source=14.10 | Difference=22.55 | Category=Formula discrepancy
JINDALSTEL | ROE | Calculated=-5.32 | Source=14.10 | Difference=19.42 | Category=Formula discrepancy
JINDALSTEL | ROE | Calculated=-7.52 | Source=14.10 | Difference=21.62 | Category=Formula discrepancy
JINDALSTEL | ROE | Calculated=-1.24 | Source=14.10 | Difference=15.34 | Category=Formula discrepancy
JINDALSTEL | ROCE | Calculated=31.58 | Source=13.20 | Difference=18.38 | Category=Formula discrepancy
JINDALSTEL | ROCE | Calculated=19.21 | Source=13.20 | Difference=6.01 | Category=Version difference
JSWENERGY | ROCE | Calculated=16.89 | Source=8.59 | Difference=8.30 | Category=Version difference
JSWENERGY | ROE | Calculated=14.52 | Source=8.40 | Difference=6.12 | Category=Version difference
JSWENERGY | ROCE | Calculated=19.52 | Source=8.59 | Difference=10.93 | Category=Formula discrepancy
JSWENERGY | ROCE | Calculated=21.56 | Source=8.59 | Difference=12.97 | Category=Formula discrepancy
JSWENERGY | ROE | Calculated=18.06 | Source=8.40 | Difference=9.66 | Category=Version difference
JSWENERGY | ROCE | Calculated=16.40 | Source=8.59 | Difference=7.81 | Category=Version difference
JSWENERGY | ROE | Calculated=15.05 | Source=8.40 | Difference=6.65 | Category=Version difference
JSWENERGY | ROE | Calculated=0.77 | Source=8.40 | Difference=7.63 | Category=Version difference
JSWENERGY | ROCE | Calculated=13.76 | Source=8.59 | Difference=5.17 | Category=Version difference
JSWSTEEL | ROE | Calculated=5.44 | Source=11.66 | Difference=6.22 | Category=Version difference
JSWSTEEL | ROE | Calculated=1.90 | Source=11.66 | Difference=9.76 | Category=Version difference
JSWSTEEL | ROE | Calculated=-2.54 | Source=11.66 | Difference=14.20 | Category=Formula discrepancy
JSWSTEEL | ROCE | Calculated=18.65 | Source=13.36 | Difference=5.29 | Category=Version difference
JSWSTEEL | ROCE | Calculated=22.13 | Source=13.36 | Difference=8.77 | Category=Version difference
JSWSTEEL | ROE | Calculated=21.83 | Source=11.66 | Difference=10.17 | Category=Formula discrepancy
JSWSTEEL | ROCE | Calculated=23.03 | Source=13.36 | Difference=9.67 | Category=Version difference
JSWSTEEL | ROE | Calculated=21.62 | Source=11.66 | Difference=9.96 | Category=Version difference
JSWSTEEL | ROCE | Calculated=18.49 | Source=13.36 | Difference=5.13 | Category=Version difference
JSWSTEEL | ROE | Calculated=16.84 | Source=11.66 | Difference=5.18 | Category=Version difference
JSWSTEEL | ROCE | Calculated=28.03 | Source=13.36 | Difference=14.67 | Category=Formula discrepancy
JSWSTEEL | ROE | Calculated=31.11 | Source=11.66 | Difference=19.45 | Category=Formula discrepancy
JSWSTEEL | ROE | Calculated=6.30 | Source=11.66 | Difference=5.36 | Category=Version difference
LICI | ROCE | Calculated=2.19 | Source=63.79 | Difference=61.60 | Category=Formula discrepancy
LICI | ROE | Calculated=324.32 | Source=63.61 | Difference=260.71 | Category=Formula discrepancy
LICI | ROCE | Calculated=-2.73 | Source=63.79 | Difference=66.52 | Category=Formula discrepancy
LICI | ROE | Calculated=270.46 | Source=63.61 | Difference=206.85 | Category=Formula discrepancy
LICI | ROCE | Calculated=-3.66 | Source=63.79 | Difference=67.45 | Category=Formula discrepancy
LICI | ROE | Calculated=43.20 | Source=63.61 | Difference=20.41 | Category=Formula discrepancy
LICI | ROCE | Calculated=29.33 | Source=63.79 | Difference=34.46 | Category=Formula discrepancy
LICI | ROE | Calculated=36.38 | Source=63.61 | Difference=27.23 | Category=Formula discrepancy
LICI | ROCE | Calculated=73.99 | Source=63.79 | Difference=10.20 | Category=Formula discrepancy
LICI | ROE | Calculated=77.86 | Source=63.61 | Difference=14.25 | Category=Formula discrepancy
LICI | ROCE | Calculated=39.61 | Source=63.79 | Difference=24.18 | Category=Formula discrepancy
LICI | ROE | Calculated=49.45 | Source=63.61 | Difference=14.16 | Category=Formula discrepancy
LODHA | ROE | Calculated=17.69 | Source=10.70 | Difference=6.99 | Category=Version difference
LODHA | ROCE | Calculated=6.06 | Source=11.10 | Difference=5.04 | Category=Version difference
LODHA | ROE | Calculated=42.80 | Source=10.70 | Difference=32.10 | Category=Formula discrepancy
LODHA | ROE | Calculated=16.30 | Source=10.70 | Difference=5.60 | Category=Version difference
LODHA | ROCE | Calculated=6.07 | Source=11.10 | Difference=5.03 | Category=Version difference
LODHA | ROE | Calculated=1.04 | Source=10.70 | Difference=9.66 | Category=Version difference
LODHA | ROE | Calculated=3.87 | Source=10.70 | Difference=6.83 | Category=Version difference
LT | ROCE | Calculated=724.35 | Source=17.18 | Difference=707.17 | Category=Formula discrepancy
LT | ROE | Calculated=395.15 | Source=10.49 | Difference=384.66 | Category=Formula discrepancy
LT | ROCE | Calculated=818.95 | Source=17.18 | Difference=801.77 | Category=Formula discrepancy
LT | ROE | Calculated=303.42 | Source=10.49 | Difference=292.93 | Category=Formula discrepancy
LT | ROCE | Calculated=698.93 | Source=17.18 | Difference=681.75 | Category=Formula discrepancy
LT | ROE | Calculated=245.11 | Source=10.49 | Difference=234.62 | Category=Formula discrepancy
LT | ROCE | Calculated=710.37 | Source=17.18 | Difference=693.19 | Category=Formula discrepancy
LT | ROE | Calculated=216.09 | Source=10.49 | Difference=205.60 | Category=Formula discrepancy
LT | ROCE | Calculated=528.63 | Source=17.18 | Difference=511.45 | Category=Formula discrepancy
LT | ROE | Calculated=206.30 | Source=10.49 | Difference=195.81 | Category=Formula discrepancy
LT | ROCE | Calculated=521.01 | Source=17.18 | Difference=503.83 | Category=Formula discrepancy
LT | ROE | Calculated=207.36 | Source=10.49 | Difference=196.87 | Category=Formula discrepancy
LT | ROCE | Calculated=467.32 | Source=17.18 | Difference=450.14 | Category=Formula discrepancy
LT | ROE | Calculated=208.81 | Source=10.49 | Difference=198.32 | Category=Formula discrepancy
LT | ROCE | Calculated=388.74 | Source=17.18 | Difference=371.56 | Category=Formula discrepancy
LT | ROE | Calculated=201.59 | Source=10.49 | Difference=191.10 | Category=Formula discrepancy
LT | ROCE | Calculated=289.56 | Source=17.18 | Difference=272.38 | Category=Formula discrepancy
LT | ROE | Calculated=176.90 | Source=10.49 | Difference=166.41 | Category=Formula discrepancy
LT | ROCE | Calculated=167.15 | Source=17.18 | Difference=149.97 | Category=Formula discrepancy
LT | ROE | Calculated=72.92 | Source=10.49 | Difference=62.43 | Category=Formula discrepancy
LT | ROCE | Calculated=149.82 | Source=17.18 | Difference=132.64 | Category=Formula discrepancy
LT | ROE | Calculated=75.52 | Source=10.49 | Difference=65.03 | Category=Formula discrepancy
LT | ROCE | Calculated=135.20 | Source=17.18 | Difference=118.02 | Category=Formula discrepancy
LT | ROE | Calculated=77.67 | Source=10.49 | Difference=67.18 | Category=Formula discrepancy
LTIM | ROCE | Calculated=55.31 | Source=34.10 | Difference=21.21 | Category=Formula discrepancy
LTIM | ROE | Calculated=41.97 | Source=26.04 | Difference=15.93 | Category=Formula discrepancy
LTIM | ROCE | Calculated=66.69 | Source=34.10 | Difference=32.59 | Category=Formula discrepancy
LTIM | ROE | Calculated=61.86 | Source=26.04 | Difference=35.82 | Category=Formula discrepancy
LTIM | ROCE | Calculated=44.79 | Source=34.10 | Difference=10.69 | Category=Formula discrepancy
LTIM | ROE | Calculated=37.96 | Source=26.04 | Difference=11.92 | Category=Formula discrepancy
LTIM | ROCE | Calculated=47.16 | Source=34.10 | Difference=13.06 | Category=Formula discrepancy
LTIM | ROE | Calculated=39.34 | Source=26.04 | Difference=13.30 | Category=Formula discrepancy
LTIM | ROCE | Calculated=39.12 | Source=34.10 | Difference=5.02 | Category=Version difference
LTIM | ROCE | Calculated=28.91 | Source=34.10 | Difference=5.19 | Category=Version difference
M&M | ROCE | Calculated=18.73 | Source=26.98 | Difference=8.25 | Category=Version difference
M&M | ROCE | Calculated=17.39 | Source=26.98 | Difference=9.59 | Category=Version difference
M&M | ROCE | Calculated=13.79 | Source=26.98 | Difference=13.19 | Category=Formula discrepancy
M&M | ROCE | Calculated=14.82 | Source=26.98 | Difference=12.16 | Category=Formula discrepancy
M&M | ROCE | Calculated=13.67 | Source=26.98 | Difference=13.31 | Category=Formula discrepancy
M&M | ROCE | Calculated=14.27 | Source=26.98 | Difference=12.71 | Category=Formula discrepancy
M&M | ROCE | Calculated=13.72 | Source=26.98 | Difference=13.26 | Category=Formula discrepancy
M&M | ROCE | Calculated=8.32 | Source=26.98 | Difference=18.66 | Category=Formula discrepancy
M&M | ROE | Calculated=-0.80 | Source=17.99 | Difference=18.79 | Category=Formula discrepancy
M&M | ROCE | Calculated=9.40 | Source=26.98 | Difference=17.58 | Category=Formula discrepancy
M&M | ROE | Calculated=3.64 | Source=17.99 | Difference=14.35 | Category=Formula discrepancy
M&M | ROCE | Calculated=11.77 | Source=26.98 | Difference=15.21 | Category=Formula discrepancy
M&M | ROCE | Calculated=13.65 | Source=26.98 | Difference=13.33 | Category=Formula discrepancy
M&M | ROCE | Calculated=14.24 | Source=26.98 | Difference=12.74 | Category=Formula discrepancy
MARUTI | ROCE | Calculated=29.25 | Source=23.67 | Difference=5.58 | Category=Version difference
MARUTI | ROCE | Calculated=14.83 | Source=23.67 | Difference=8.84 | Category=Version difference
MARUTI | ROCE | Calculated=10.20 | Source=23.67 | Difference=13.47 | Category=Formula discrepancy
MARUTI | ROE | Calculated=8.36 | Source=15.75 | Difference=7.39 | Category=Version difference
MARUTI | ROCE | Calculated=10.32 | Source=23.67 | Difference=13.35 | Category=Formula discrepancy
MARUTI | ROE | Calculated=7.01 | Source=15.75 | Difference=8.74 | Category=Version difference
MARUTI | ROCE | Calculated=17.30 | Source=23.67 | Difference=6.37 | Category=Version difference
MOTHERSON | ROCE | Calculated=20.58 | Source=13.70 | Difference=6.88 | Category=Version difference
MOTHERSON | ROE | Calculated=19.75 | Source=11.80 | Difference=7.95 | Category=Version difference
MOTHERSON | ROCE | Calculated=30.73 | Source=13.70 | Difference=17.03 | Category=Formula discrepancy
MOTHERSON | ROE | Calculated=37.07 | Source=11.80 | Difference=25.27 | Category=Formula discrepancy
MOTHERSON | ROCE | Calculated=33.64 | Source=13.70 | Difference=19.94 | Category=Formula discrepancy
MOTHERSON | ROE | Calculated=38.87 | Source=11.80 | Difference=27.07 | Category=Formula discrepancy
MOTHERSON | ROCE | Calculated=33.90 | Source=13.70 | Difference=20.20 | Category=Formula discrepancy
MOTHERSON | ROE | Calculated=40.35 | Source=11.80 | Difference=28.55 | Category=Formula discrepancy
MOTHERSON | ROCE | Calculated=22.40 | Source=13.70 | Difference=8.70 | Category=Version difference
MOTHERSON | ROE | Calculated=26.26 | Source=11.80 | Difference=14.46 | Category=Formula discrepancy
MOTHERSON | ROCE | Calculated=25.31 | Source=13.70 | Difference=11.61 | Category=Formula discrepancy
MOTHERSON | ROE | Calculated=22.87 | Source=11.80 | Difference=11.07 | Category=Formula discrepancy
MOTHERSON | ROCE | Calculated=23.77 | Source=13.70 | Difference=10.07 | Category=Formula discrepancy
MOTHERSON | ROE | Calculated=19.14 | Source=11.80 | Difference=7.34 | Category=Version difference
MOTHERSON | ROCE | Calculated=19.08 | Source=13.70 | Difference=5.38 | Category=Version difference
MOTHERSON | ROE | Calculated=5.74 | Source=11.80 | Difference=6.06 | Category=Version difference
MOTHERSON | ROCE | Calculated=20.23 | Source=13.70 | Difference=6.53 | Category=Version difference
NAUKRI | ROCE | Calculated=19.87 | Source=3.65 | Difference=16.22 | Category=Formula discrepancy
NAUKRI | ROE | Calculated=12.50 | Source=2.44 | Difference=10.06 | Category=Formula discrepancy
NAUKRI | ROCE | Calculated=14.41 | Source=3.65 | Difference=10.76 | Category=Formula discrepancy
NAUKRI | ROE | Calculated=8.93 | Source=2.44 | Difference=6.49 | Category=Version difference
NAUKRI | ROE | Calculated=7.65 | Source=2.44 | Difference=5.21 | Category=Version difference
NAUKRI | ROE | Calculated=-2.70 | Source=2.44 | Difference=5.14 | Category=Version difference
NAUKRI | ROCE | Calculated=10.70 | Source=3.65 | Difference=7.05 | Category=Version difference
NAUKRI | ROE | Calculated=24.50 | Source=2.44 | Difference=22.06 | Category=Formula discrepancy
NAUKRI | ROE | Calculated=23.28 | Source=2.44 | Difference=20.84 | Category=Formula discrepancy
NAUKRI | ROCE | Calculated=-15.40 | Source=3.65 | Difference=19.05 | Category=Formula discrepancy
NAUKRI | ROE | Calculated=-11.21 | Source=2.44 | Difference=13.65 | Category=Formula discrepancy
NAUKRI | ROE | Calculated=26.28 | Source=2.44 | Difference=23.84 | Category=Formula discrepancy
NAUKRI | ROE | Calculated=74.71 | Source=2.44 | Difference=72.27 | Category=Formula discrepancy
NESTLEIND | ROCE | Calculated=54.77 | Source=185.43 | Difference=130.66 | Category=Formula discrepancy
NESTLEIND | ROE | Calculated=47.17 | Source=135.61 | Difference=88.44 | Category=Formula discrepancy
NESTLEIND | ROCE | Calculated=71.37 | Source=185.43 | Difference=114.06 | Category=Formula discrepancy
NESTLEIND | ROE | Calculated=41.77 | Source=135.61 | Difference=93.84 | Category=Formula discrepancy
NESTLEIND | ROCE | Calculated=54.85 | Source=185.43 | Difference=130.58 | Category=Formula discrepancy
NESTLEIND | ROE | Calculated=19.99 | Source=135.61 | Difference=115.62 | Category=Formula discrepancy
NESTLEIND | ROCE | Calculated=55.81 | Source=185.43 | Difference=129.62 | Category=Formula discrepancy
NESTLEIND | ROE | Calculated=30.50 | Source=135.61 | Difference=105.11 | Category=Formula discrepancy
NESTLEIND | ROCE | Calculated=60.69 | Source=185.43 | Difference=124.74 | Category=Formula discrepancy
NESTLEIND | ROE | Calculated=35.82 | Source=135.61 | Difference=99.79 | Category=Formula discrepancy
NESTLEIND | ROCE | Calculated=70.60 | Source=185.43 | Difference=114.83 | Category=Formula discrepancy
NESTLEIND | ROE | Calculated=43.75 | Source=135.61 | Difference=91.86 | Category=Formula discrepancy
NESTLEIND | ROCE | Calculated=138.87 | Source=185.43 | Difference=46.56 | Category=Formula discrepancy
NESTLEIND | ROE | Calculated=102.61 | Source=135.61 | Difference=33.00 | Category=Formula discrepancy
NESTLEIND | ROCE | Calculated=147.83 | Source=185.43 | Difference=37.60 | Category=Formula discrepancy
NESTLEIND | ROE | Calculated=103.12 | Source=135.61 | Difference=32.49 | Category=Formula discrepancy
NESTLEIND | ROCE | Calculated=161.03 | Source=185.43 | Difference=24.40 | Category=Formula discrepancy
NESTLEIND | ROE | Calculated=108.84 | Source=135.61 | Difference=26.77 | Category=Formula discrepancy
NESTLEIND | ROCE | Calculated=135.75 | Source=185.43 | Difference=49.68 | Category=Formula discrepancy
NESTLEIND | ROE | Calculated=97.23 | Source=135.61 | Difference=38.38 | Category=Formula discrepancy
NESTLEIND | ROCE | Calculated=163.77 | Source=185.43 | Difference=21.66 | Category=Formula discrepancy
NESTLEIND | ROE | Calculated=121.96 | Source=135.61 | Difference=13.65 | Category=Formula discrepancy
NESTLEIND | ROCE | Calculated=157.75 | Source=185.43 | Difference=27.68 | Category=Formula discrepancy
NESTLEIND | ROE | Calculated=117.75 | Source=135.61 | Difference=17.86 | Category=Formula discrepancy
ONGC | ROCE | Calculated=25.11 | Source=19.71 | Difference=5.40 | Category=Version difference
ONGC | ROE | Calculated=6.62 | Source=14.32 | Difference=7.70 | Category=Version difference
ONGC | ROE | Calculated=5.59 | Source=14.32 | Difference=8.73 | Category=Version difference
ONGC | ROCE | Calculated=13.97 | Source=19.71 | Difference=5.74 | Category=Version difference
PFC | ROCE | Calculated=3.67 | Source=9.96 | Difference=6.29 | Category=Version difference
PFC | ROCE | Calculated=4.07 | Source=9.96 | Difference=5.89 | Category=Version difference
PFC | ROCE | Calculated=3.83 | Source=9.96 | Difference=6.13 | Category=Version difference
PFC | ROCE | Calculated=3.87 | Source=9.96 | Difference=6.09 | Category=Version difference
PFC | ROCE | Calculated=2.20 | Source=9.96 | Difference=7.76 | Category=Version difference
PFC | ROE | Calculated=6.07 | Source=19.49 | Difference=13.42 | Category=Formula discrepancy
PFC | ROCE | Calculated=2.44 | Source=9.96 | Difference=7.52 | Category=Version difference
PFC | ROCE | Calculated=3.03 | Source=9.96 | Difference=6.93 | Category=Version difference
PFC | ROE | Calculated=26.82 | Source=19.49 | Difference=7.33 | Category=Version difference
PFC | ROCE | Calculated=2.17 | Source=9.96 | Difference=7.79 | Category=Version difference
PFC | ROCE | Calculated=2.76 | Source=9.96 | Difference=7.20 | Category=Version difference
PFC | ROE | Calculated=25.86 | Source=19.49 | Difference=6.37 | Category=Version difference
PFC | ROCE | Calculated=3.19 | Source=9.96 | Difference=6.77 | Category=Version difference
PFC | ROE | Calculated=26.18 | Source=19.49 | Difference=6.69 | Category=Version difference
PFC | ROCE | Calculated=3.17 | Source=9.96 | Difference=6.79 | Category=Version difference
PFC | ROE | Calculated=25.17 | Source=19.49 | Difference=5.68 | Category=Version difference
PFC | ROCE | Calculated=3.49 | Source=9.96 | Difference=6.47 | Category=Version difference
PFC | ROE | Calculated=26.16 | Source=19.49 | Difference=6.67 | Category=Version difference
PIDILITIND | ROCE | Calculated=43.16 | Source=29.70 | Difference=13.46 | Category=Formula discrepancy
PIDILITIND | ROE | Calculated=30.59 | Source=22.80 | Difference=7.79 | Category=Version difference
PIDILITIND | ROCE | Calculated=35.36 | Source=29.70 | Difference=5.66 | Category=Version difference
PIDILITIND | ROCE | Calculated=36.25 | Source=29.70 | Difference=6.55 | Category=Version difference
PNB | ROE | Calculated=812.30 | Source=8.70 | Difference=803.60 | Category=Formula discrepancy
PNB | ROE | Calculated=812.30 | Source=8.70 | Difference=803.60 | Category=Formula discrepancy
PNB | ROE | Calculated=812.30 | Source=8.70 | Difference=803.60 | Category=Formula discrepancy
PNB | ROE | Calculated=812.30 | Source=8.70 | Difference=803.60 | Category=Formula discrepancy
PNB | ROE | Calculated=812.30 | Source=8.70 | Difference=803.60 | Category=Formula discrepancy
PNB | ROE | Calculated=393.36 | Source=8.70 | Difference=384.66 | Category=Formula discrepancy
PNB | ROE | Calculated=393.36 | Source=8.70 | Difference=384.66 | Category=Formula discrepancy
PNB | ROE | Calculated=393.36 | Source=8.70 | Difference=384.66 | Category=Formula discrepancy
PNB | ROE | Calculated=393.36 | Source=8.70 | Difference=384.66 | Category=Formula discrepancy
PNB | ROE | Calculated=393.36 | Source=8.70 | Difference=384.66 | Category=Formula discrepancy
PNB | ROE | Calculated=223.24 | Source=8.70 | Difference=214.54 | Category=Formula discrepancy
PNB | ROE | Calculated=223.24 | Source=8.70 | Difference=214.54 | Category=Formula discrepancy
PNB | ROE | Calculated=223.24 | Source=8.70 | Difference=214.54 | Category=Formula discrepancy
PNB | ROE | Calculated=223.24 | Source=8.70 | Difference=214.54 | Category=Formula discrepancy
PNB | ROE | Calculated=223.24 | Source=8.70 | Difference=214.54 | Category=Formula discrepancy
PNB | ROE | Calculated=-163.56 | Source=8.70 | Difference=172.26 | Category=Formula discrepancy
PNB | ROE | Calculated=-163.56 | Source=8.70 | Difference=172.26 | Category=Formula discrepancy
PNB | ROE | Calculated=-163.56 | Source=8.70 | Difference=172.26 | Category=Formula discrepancy
PNB | ROE | Calculated=-163.56 | Source=8.70 | Difference=172.26 | Category=Formula discrepancy
PNB | ROE | Calculated=-163.56 | Source=8.70 | Difference=172.26 | Category=Formula discrepancy
PNB | ROE | Calculated=22.21 | Source=8.70 | Difference=13.51 | Category=Formula discrepancy
PNB | ROE | Calculated=22.21 | Source=8.70 | Difference=13.51 | Category=Formula discrepancy
PNB | ROE | Calculated=22.21 | Source=8.70 | Difference=13.51 | Category=Formula discrepancy
PNB | ROE | Calculated=22.21 | Source=8.70 | Difference=13.51 | Category=Formula discrepancy
PNB | ROE | Calculated=22.21 | Source=8.70 | Difference=13.51 | Category=Formula discrepancy
PNB | ROE | Calculated=-184.37 | Source=8.70 | Difference=193.07 | Category=Formula discrepancy
PNB | ROE | Calculated=-184.37 | Source=8.70 | Difference=193.07 | Category=Formula discrepancy
PNB | ROE | Calculated=-184.37 | Source=8.70 | Difference=193.07 | Category=Formula discrepancy
PNB | ROE | Calculated=-184.37 | Source=8.70 | Difference=193.07 | Category=Formula discrepancy
PNB | ROE | Calculated=-184.37 | Source=8.70 | Difference=193.07 | Category=Formula discrepancy
PNB | ROE | Calculated=-128.45 | Source=8.70 | Difference=137.15 | Category=Formula discrepancy
PNB | ROE | Calculated=-128.45 | Source=8.70 | Difference=137.15 | Category=Formula discrepancy
PNB | ROE | Calculated=-128.45 | Source=8.70 | Difference=137.15 | Category=Formula discrepancy
PNB | ROE | Calculated=-128.45 | Source=8.70 | Difference=137.15 | Category=Formula discrepancy
PNB | ROE | Calculated=-128.45 | Source=8.70 | Difference=137.15 | Category=Formula discrepancy
PNB | ROE | Calculated=30.39 | Source=8.70 | Difference=21.69 | Category=Formula discrepancy
PNB | ROE | Calculated=30.39 | Source=8.70 | Difference=21.69 | Category=Formula discrepancy
PNB | ROE | Calculated=30.39 | Source=8.70 | Difference=21.69 | Category=Formula discrepancy
PNB | ROE | Calculated=30.39 | Source=8.70 | Difference=21.69 | Category=Formula discrepancy
PNB | ROE | Calculated=30.39 | Source=8.70 | Difference=21.69 | Category=Formula discrepancy
PNB | ROE | Calculated=39.87 | Source=8.70 | Difference=31.17 | Category=Formula discrepancy
PNB | ROE | Calculated=39.87 | Source=8.70 | Difference=31.17 | Category=Formula discrepancy
PNB | ROE | Calculated=39.87 | Source=8.70 | Difference=31.17 | Category=Formula discrepancy
PNB | ROE | Calculated=39.87 | Source=8.70 | Difference=31.17 | Category=Formula discrepancy
PNB | ROE | Calculated=39.87 | Source=8.70 | Difference=31.17 | Category=Formula discrepancy
PNB | ROE | Calculated=30.67 | Source=8.70 | Difference=21.97 | Category=Formula discrepancy
PNB | ROE | Calculated=30.67 | Source=8.70 | Difference=21.97 | Category=Formula discrepancy
PNB | ROE | Calculated=30.67 | Source=8.70 | Difference=21.97 | Category=Formula discrepancy
PNB | ROE | Calculated=30.67 | Source=8.70 | Difference=21.97 | Category=Formula discrepancy
PNB | ROE | Calculated=30.67 | Source=8.70 | Difference=21.97 | Category=Formula discrepancy
PNB | ROE | Calculated=61.32 | Source=8.70 | Difference=52.62 | Category=Formula discrepancy
PNB | ROE | Calculated=61.32 | Source=8.70 | Difference=52.62 | Category=Formula discrepancy
PNB | ROE | Calculated=61.32 | Source=8.70 | Difference=52.62 | Category=Formula discrepancy
PNB | ROE | Calculated=61.32 | Source=8.70 | Difference=52.62 | Category=Formula discrepancy
PNB | ROE | Calculated=61.32 | Source=8.70 | Difference=52.62 | Category=Formula discrepancy
POWERGRID | ROE | Calculated=13.11 | Source=19.00 | Difference=5.89 | Category=Version difference
POWERGRID | ROE | Calculated=13.11 | Source=19.00 | Difference=5.89 | Category=Version difference
POWERGRID | ROE | Calculated=13.13 | Source=19.00 | Difference=5.87 | Category=Version difference
POWERGRID | ROE | Calculated=13.13 | Source=19.00 | Difference=5.87 | Category=Version difference
POWERGRID | ROE | Calculated=13.55 | Source=19.00 | Difference=5.45 | Category=Version difference
POWERGRID | ROE | Calculated=13.55 | Source=19.00 | Difference=5.45 | Category=Version difference
POWERGRID | ROCE | Calculated=18.70 | Source=13.20 | Difference=5.50 | Category=Version difference
POWERGRID | ROCE | Calculated=18.70 | Source=13.20 | Difference=5.50 | Category=Version difference
POWERGRID | ROCE | Calculated=18.91 | Source=13.20 | Difference=5.71 | Category=Version difference
POWERGRID | ROCE | Calculated=18.91 | Source=13.20 | Difference=5.71 | Category=Version difference
RECLTD | ROE | Calculated=13.66 | Source=22.20 | Difference=8.54 | Category=Version difference
RECLTD | ROE | Calculated=16.62 | Source=22.20 | Difference=5.58 | Category=Version difference
RECLTD | ROE | Calculated=14.05 | Source=22.20 | Difference=8.15 | Category=Version difference
SBILIFE | ROE | Calculated=23.03 | Source=12.00 | Difference=11.03 | Category=Formula discrepancy
SBILIFE | ROE | Calculated=21.69 | Source=12.00 | Difference=9.69 | Category=Version difference
SBILIFE | ROCE | Calculated=19.58 | Source=13.20 | Difference=6.38 | Category=Version difference
SBILIFE | ROE | Calculated=20.09 | Source=12.00 | Difference=8.09 | Category=Version difference
SBILIFE | ROCE | Calculated=19.44 | Source=13.20 | Difference=6.24 | Category=Version difference
SBILIFE | ROE | Calculated=17.83 | Source=12.00 | Difference=5.83 | Category=Version difference
SBILIFE | ROCE | Calculated=19.24 | Source=13.20 | Difference=6.04 | Category=Version difference
SBILIFE | ROE | Calculated=17.20 | Source=12.00 | Difference=5.20 | Category=Version difference
SBILIFE | ROCE | Calculated=20.40 | Source=13.20 | Difference=7.20 | Category=Version difference
SBILIFE | ROE | Calculated=17.62 | Source=12.00 | Difference=5.62 | Category=Version difference
SBILIFE | ROCE | Calculated=19.46 | Source=13.20 | Difference=6.26 | Category=Version difference
SBILIFE | ROE | Calculated=17.52 | Source=12.00 | Difference=5.52 | Category=Version difference
SBILIFE | ROCE | Calculated=6.28 | Source=13.20 | Difference=6.92 | Category=Version difference
SBILIFE | ROCE | Calculated=0.94 | Source=13.20 | Difference=12.26 | Category=Formula discrepancy
SBILIFE | ROCE | Calculated=1.65 | Source=13.20 | Difference=11.55 | Category=Formula discrepancy
SHREECEM | ROCE | Calculated=30.42 | Source=14.80 | Difference=15.62 | Category=Formula discrepancy
SHREECEM | ROE | Calculated=26.12 | Source=12.20 | Difference=13.92 | Category=Formula discrepancy
SHREECEM | ROCE | Calculated=23.52 | Source=14.80 | Difference=8.72 | Category=Version difference
SHREECEM | ROCE | Calculated=21.70 | Source=14.80 | Difference=6.90 | Category=Version difference
SHREECEM | ROCE | Calculated=27.95 | Source=14.80 | Difference=13.15 | Category=Formula discrepancy
SHREECEM | ROE | Calculated=17.39 | Source=12.20 | Difference=5.19 | Category=Version difference
SHREECEM | ROCE | Calculated=20.11 | Source=14.80 | Difference=5.31 | Category=Version difference
SHREECEM | ROCE | Calculated=22.42 | Source=14.80 | Difference=7.62 | Category=Version difference
SHREECEM | ROCE | Calculated=23.11 | Source=14.80 | Difference=8.31 | Category=Version difference
SHREECEM | ROCE | Calculated=23.21 | Source=14.80 | Difference=8.41 | Category=Version difference
SHREECEM | ROCE | Calculated=20.21 | Source=14.80 | Difference=5.41 | Category=Version difference
SHRIRAMFIN | ROCE | Calculated=5.35 | Source=11.30 | Difference=5.95 | Category=Version difference
SHRIRAMFIN | ROCE | Calculated=4.24 | Source=11.30 | Difference=7.06 | Category=Version difference
SHRIRAMFIN | ROCE | Calculated=3.02 | Source=11.30 | Difference=8.28 | Category=Version difference
SHRIRAMFIN | ROCE | Calculated=3.04 | Source=11.30 | Difference=8.26 | Category=Version difference
SHRIRAMFIN | ROCE | Calculated=3.06 | Source=11.30 | Difference=8.24 | Category=Version difference
SHRIRAMFIN | ROCE | Calculated=3.97 | Source=11.30 | Difference=7.33 | Category=Version difference
SHRIRAMFIN | ROCE | Calculated=3.66 | Source=11.30 | Difference=7.64 | Category=Version difference
SHRIRAMFIN | ROCE | Calculated=3.16 | Source=11.30 | Difference=8.14 | Category=Version difference
SHRIRAMFIN | ROCE | Calculated=2.65 | Source=11.30 | Difference=8.65 | Category=Version difference
SHRIRAMFIN | ROCE | Calculated=2.60 | Source=11.30 | Difference=8.70 | Category=Version difference
SHRIRAMFIN | ROE | Calculated=10.43 | Source=15.90 | Difference=5.47 | Category=Version difference
SHRIRAMFIN | ROCE | Calculated=4.24 | Source=11.30 | Difference=7.06 | Category=Version difference
SHRIRAMFIN | ROCE | Calculated=4.30 | Source=11.30 | Difference=7.00 | Category=Version difference
SIEMENS | ROCE | Calculated=30.69 | Source=25.60 | Difference=5.09 | Category=Version difference
SIEMENS | ROCE | Calculated=2.72 | Source=25.60 | Difference=22.88 | Category=Formula discrepancy
SIEMENS | ROE | Calculated=13.78 | Source=19.10 | Difference=5.32 | Category=Version difference
SIEMENS | ROCE | Calculated=19.41 | Source=25.60 | Difference=6.19 | Category=Version difference
SIEMENS | ROCE | Calculated=14.95 | Source=25.60 | Difference=10.65 | Category=Formula discrepancy
SIEMENS | ROE | Calculated=42.83 | Source=19.10 | Difference=23.73 | Category=Formula discrepancy
SIEMENS | ROCE | Calculated=13.73 | Source=25.60 | Difference=11.87 | Category=Formula discrepancy
SIEMENS | ROCE | Calculated=15.99 | Source=25.60 | Difference=9.61 | Category=Version difference
SIEMENS | ROE | Calculated=10.86 | Source=19.10 | Difference=8.24 | Category=Version difference
SIEMENS | ROCE | Calculated=16.47 | Source=25.60 | Difference=9.13 | Category=Version difference
SIEMENS | ROE | Calculated=12.14 | Source=19.10 | Difference=6.96 | Category=Version difference
SIEMENS | ROCE | Calculated=10.57 | Source=25.60 | Difference=15.03 | Category=Formula discrepancy
SIEMENS | ROE | Calculated=8.10 | Source=19.10 | Difference=11.00 | Category=Formula discrepancy
SIEMENS | ROCE | Calculated=14.03 | Source=25.60 | Difference=11.57 | Category=Formula discrepancy
SIEMENS | ROE | Calculated=10.52 | Source=19.10 | Difference=8.58 | Category=Version difference
SIEMENS | ROCE | Calculated=15.77 | Source=25.60 | Difference=9.83 | Category=Version difference
SIEMENS | ROE | Calculated=13.29 | Source=19.10 | Difference=5.81 | Category=Version difference
SIEMENS | ROCE | Calculated=18.75 | Source=25.60 | Difference=6.85 | Category=Version difference
SIEMENS | ROCE | Calculated=19.85 | Source=25.60 | Difference=5.75 | Category=Version difference
SUNPHARMA | ROCE | Calculated=31.37 | Source=17.30 | Difference=14.07 | Category=Formula discrepancy
SUNPHARMA | ROE | Calculated=23.14 | Source=16.70 | Difference=6.44 | Category=Version difference
SUNPHARMA | ROCE | Calculated=33.21 | Source=17.30 | Difference=15.91 | Category=Formula discrepancy
SUNPHARMA | ROCE | Calculated=22.79 | Source=17.30 | Difference=5.49 | Category=Version difference
SUNPHARMA | ROCE | Calculated=11.56 | Source=17.30 | Difference=5.74 | Category=Version difference
SUNPHARMA | ROE | Calculated=6.63 | Source=16.70 | Difference=10.07 | Category=Formula discrepancy
SUNPHARMA | ROCE | Calculated=12.28 | Source=17.30 | Difference=5.02 | Category=Version difference
SUNPHARMA | ROE | Calculated=7.75 | Source=16.70 | Difference=8.95 | Category=Version difference
SUNPHARMA | ROE | Calculated=9.22 | Source=16.70 | Difference=7.48 | Category=Version difference
SUNPHARMA | ROE | Calculated=4.89 | Source=16.70 | Difference=11.81 | Category=Formula discrepancy
SUNPHARMA | ROE | Calculated=7.06 | Source=16.70 | Difference=9.64 | Category=Version difference
TATACONSUM | ROCE | Calculated=4.82 | Source=10.60 | Difference=5.78 | Category=Version difference
TATACONSUM | ROE | Calculated=-0.59 | Source=8.32 | Difference=8.91 | Category=Version difference
TATAMOTORS | ROCE | Calculated=26.92 | Source=20.10 | Difference=6.82 | Category=Version difference
TATAMOTORS | ROE | Calculated=26.51 | Source=49.40 | Difference=22.89 | Category=Formula discrepancy
TATAMOTORS | ROCE | Calculated=27.61 | Source=20.10 | Difference=7.51 | Category=Version difference
TATAMOTORS | ROE | Calculated=21.42 | Source=49.40 | Difference=27.98 | Category=Formula discrepancy
TATAMOTORS | ROCE | Calculated=30.21 | Source=20.10 | Difference=10.11 | Category=Formula discrepancy
TATAMOTORS | ROE | Calculated=25.01 | Source=49.40 | Difference=24.39 | Category=Formula discrepancy
TATAMOTORS | ROCE | Calculated=25.89 | Source=20.10 | Difference=5.79 | Category=Version difference
TATAMOTORS | ROE | Calculated=14.79 | Source=49.40 | Difference=34.61 | Category=Formula discrepancy
TATAMOTORS | ROE | Calculated=13.02 | Source=49.40 | Difference=36.38 | Category=Formula discrepancy
TATAMOTORS | ROE | Calculated=9.53 | Source=49.40 | Difference=39.87 | Category=Formula discrepancy
TATAMOTORS | ROCE | Calculated=14.83 | Source=20.10 | Difference=5.27 | Category=Version difference
TATAMOTORS | ROE | Calculated=-47.73 | Source=49.40 | Difference=97.13 | Category=Formula discrepancy
TATAMOTORS | ROCE | Calculated=9.57 | Source=20.10 | Difference=10.53 | Category=Formula discrepancy
TATAMOTORS | ROE | Calculated=-18.98 | Source=49.40 | Difference=68.38 | Category=Formula discrepancy
TATAMOTORS | ROE | Calculated=-24.25 | Source=49.40 | Difference=73.65 | Category=Formula discrepancy
TATAMOTORS | ROCE | Calculated=12.94 | Source=20.10 | Difference=7.16 | Category=Version difference
TATAMOTORS | ROE | Calculated=-25.38 | Source=49.40 | Difference=74.78 | Category=Formula discrepancy
TATAMOTORS | ROE | Calculated=5.94 | Source=49.40 | Difference=43.46 | Category=Formula discrepancy
TATAMOTORS | ROCE | Calculated=30.98 | Source=20.10 | Difference=10.88 | Category=Formula discrepancy
TATAMOTORS | ROE | Calculated=37.46 | Source=49.40 | Difference=11.94 | Category=Formula discrepancy
TATAPOWER | ROE | Calculated=1.00 | Source=11.30 | Difference=10.30 | Category=Formula discrepancy
TATAPOWER | ROE | Calculated=0.10 | Source=11.30 | Difference=11.20 | Category=Formula discrepancy
TATAPOWER | ROE | Calculated=3.19 | Source=11.30 | Difference=8.11 | Category=Version difference
TATAPOWER | ROCE | Calculated=4.17 | Source=11.10 | Difference=6.93 | Category=Version difference
TATAPOWER | ROCE | Calculated=3.53 | Source=11.10 | Difference=7.57 | Category=Version difference
TATAPOWER | ROCE | Calculated=4.60 | Source=11.10 | Difference=6.50 | Category=Version difference
TATASTEEL | ROE | Calculated=-21.28 | Source=6.55 | Difference=27.83 | Category=Formula discrepancy
TATASTEEL | ROCE | Calculated=13.25 | Source=7.02 | Difference=6.23 | Category=Version difference
TATASTEEL | ROE | Calculated=-12.56 | Source=6.55 | Difference=19.11 | Category=Formula discrepancy
TATASTEEL | ROCE | Calculated=-0.50 | Source=7.02 | Difference=7.52 | Category=Version difference
TATASTEEL | ROE | Calculated=-1.14 | Source=6.55 | Difference=7.69 | Category=Version difference
TATASTEEL | ROE | Calculated=-11.02 | Source=6.55 | Difference=17.57 | Category=Formula discrepancy
TATASTEEL | ROCE | Calculated=14.01 | Source=7.02 | Difference=6.99 | Category=Version difference
TATASTEEL | ROE | Calculated=29.15 | Source=6.55 | Difference=22.60 | Category=Formula discrepancy
TATASTEEL | ROCE | Calculated=17.27 | Source=7.02 | Difference=10.25 | Category=Formula discrepancy
TATASTEEL | ROE | Calculated=13.23 | Source=6.55 | Difference=6.68 | Category=Version difference
TATASTEEL | ROCE | Calculated=18.74 | Source=7.02 | Difference=11.72 | Category=Formula discrepancy
TATASTEEL | ROCE | Calculated=33.42 | Source=7.02 | Difference=26.40 | Category=Formula discrepancy
TATASTEEL | ROE | Calculated=36.48 | Source=6.55 | Difference=29.93 | Category=Formula discrepancy
TATASTEEL | ROCE | Calculated=17.18 | Source=7.02 | Difference=10.16 | Category=Formula discrepancy
TATASTEEL | ROCE | Calculated=12.42 | Source=7.02 | Difference=5.40 | Category=Version difference
TATASTEEL | ROE | Calculated=-5.33 | Source=6.55 | Difference=11.88 | Category=Formula discrepancy
TCS | ROCE | Calculated=46.40 | Source=64.30 | Difference=17.90 | Category=Formula discrepancy
TCS | ROE | Calculated=36.52 | Source=0.52 | Difference=36.00 | Category=Data source issue
TCS | ROCE | Calculated=50.82 | Source=64.30 | Difference=13.48 | Category=Formula discrepancy
TCS | ROE | Calculated=39.30 | Source=0.52 | Difference=38.78 | Category=Data source issue
TCS | ROCE | Calculated=48.01 | Source=64.30 | Difference=16.29 | Category=Formula discrepancy
TCS | ROE | Calculated=39.62 | Source=0.52 | Difference=39.10 | Category=Data source issue
TCS | ROCE | Calculated=43.01 | Source=64.30 | Difference=21.29 | Category=Formula discrepancy
TCS | ROE | Calculated=34.24 | Source=0.52 | Difference=33.72 | Category=Data source issue
TCS | ROCE | Calculated=37.35 | Source=64.30 | Difference=26.95 | Category=Formula discrepancy
TCS | ROE | Calculated=30.57 | Source=0.52 | Difference=30.05 | Category=Data source issue
TCS | ROCE | Calculated=38.09 | Source=64.30 | Difference=26.21 | Category=Formula discrepancy
TCS | ROE | Calculated=30.40 | Source=0.52 | Difference=29.88 | Category=Data source issue
TCS | ROCE | Calculated=44.14 | Source=64.30 | Difference=20.16 | Category=Formula discrepancy
TCS | ROE | Calculated=35.29 | Source=0.52 | Difference=34.77 | Category=Data source issue
TCS | ROCE | Calculated=45.62 | Source=64.30 | Difference=18.68 | Category=Formula discrepancy
TCS | ROE | Calculated=38.57 | Source=0.52 | Difference=38.05 | Category=Data source issue
TCS | ROCE | Calculated=49.40 | Source=64.30 | Difference=14.90 | Category=Formula discrepancy
TCS | ROE | Calculated=37.67 | Source=0.52 | Difference=37.15 | Category=Data source issue
TCS | ROCE | Calculated=54.72 | Source=64.30 | Difference=9.58 | Category=Version difference
TCS | ROE | Calculated=43.13 | Source=0.52 | Difference=42.61 | Category=Data source issue
TCS | ROE | Calculated=46.78 | Source=0.52 | Difference=46.26 | Category=Data source issue
TCS | ROE | Calculated=50.94 | Source=0.52 | Difference=50.42 | Category=Data source issue
TECHM | ROCE | Calculated=20.89 | Source=11.90 | Difference=8.99 | Category=Version difference
TECHM | ROE | Calculated=24.09 | Source=8.63 | Difference=15.46 | Category=Formula discrepancy
TECHM | ROCE | Calculated=20.89 | Source=11.90 | Difference=8.99 | Category=Version difference
TECHM | ROE | Calculated=24.09 | Source=8.63 | Difference=15.46 | Category=Formula discrepancy
TECHM | ROCE | Calculated=43.71 | Source=11.90 | Difference=31.81 | Category=Formula discrepancy
TECHM | ROE | Calculated=33.35 | Source=8.63 | Difference=24.72 | Category=Formula discrepancy
TECHM | ROCE | Calculated=43.71 | Source=11.90 | Difference=31.81 | Category=Formula discrepancy
TECHM | ROE | Calculated=33.35 | Source=8.63 | Difference=24.72 | Category=Formula discrepancy
TECHM | ROCE | Calculated=32.38 | Source=11.90 | Difference=20.48 | Category=Formula discrepancy
TECHM | ROE | Calculated=21.71 | Source=8.63 | Difference=13.08 | Category=Formula discrepancy
TECHM | ROCE | Calculated=32.38 | Source=11.90 | Difference=20.48 | Category=Formula discrepancy
TECHM | ROE | Calculated=21.71 | Source=8.63 | Difference=13.08 | Category=Formula discrepancy
TECHM | ROCE | Calculated=27.16 | Source=11.90 | Difference=15.26 | Category=Formula discrepancy
TECHM | ROE | Calculated=20.75 | Source=8.63 | Difference=12.12 | Category=Formula discrepancy
TECHM | ROCE | Calculated=27.16 | Source=11.90 | Difference=15.26 | Category=Formula discrepancy
TECHM | ROE | Calculated=20.75 | Source=8.63 | Difference=12.12 | Category=Formula discrepancy
TECHM | ROCE | Calculated=23.50 | Source=11.90 | Difference=11.60 | Category=Formula discrepancy
TECHM | ROE | Calculated=17.35 | Source=8.63 | Difference=8.72 | Category=Version difference
TECHM | ROCE | Calculated=23.50 | Source=11.90 | Difference=11.60 | Category=Formula discrepancy
TECHM | ROE | Calculated=17.35 | Source=8.63 | Difference=8.72 | Category=Version difference
TECHM | ROCE | Calculated=22.18 | Source=11.90 | Difference=10.28 | Category=Formula discrepancy
TECHM | ROE | Calculated=20.09 | Source=8.63 | Difference=11.46 | Category=Formula discrepancy
TECHM | ROCE | Calculated=22.18 | Source=11.90 | Difference=10.28 | Category=Formula discrepancy
TECHM | ROE | Calculated=20.09 | Source=8.63 | Difference=11.46 | Category=Formula discrepancy
TECHM | ROCE | Calculated=28.15 | Source=11.90 | Difference=16.25 | Category=Formula discrepancy
TECHM | ROE | Calculated=21.14 | Source=8.63 | Difference=12.51 | Category=Formula discrepancy
TECHM | ROCE | Calculated=28.15 | Source=11.90 | Difference=16.25 | Category=Formula discrepancy
TECHM | ROE | Calculated=21.14 | Source=8.63 | Difference=12.51 | Category=Formula discrepancy
TECHM | ROCE | Calculated=21.59 | Source=11.90 | Difference=9.69 | Category=Version difference
TECHM | ROE | Calculated=17.87 | Source=8.63 | Difference=9.24 | Category=Version difference
TECHM | ROCE | Calculated=21.59 | Source=11.90 | Difference=9.69 | Category=Version difference
TECHM | ROE | Calculated=17.87 | Source=8.63 | Difference=9.24 | Category=Version difference
TECHM | ROCE | Calculated=24.48 | Source=11.90 | Difference=12.58 | Category=Formula discrepancy
TECHM | ROE | Calculated=17.51 | Source=8.63 | Difference=8.88 | Category=Version difference
TECHM | ROCE | Calculated=24.48 | Source=11.90 | Difference=12.58 | Category=Formula discrepancy
TECHM | ROE | Calculated=17.51 | Source=8.63 | Difference=8.88 | Category=Version difference
TECHM | ROCE | Calculated=27.18 | Source=11.90 | Difference=15.28 | Category=Formula discrepancy
TECHM | ROE | Calculated=20.94 | Source=8.63 | Difference=12.31 | Category=Formula discrepancy
TECHM | ROCE | Calculated=27.18 | Source=11.90 | Difference=15.28 | Category=Formula discrepancy
TECHM | ROE | Calculated=20.94 | Source=8.63 | Difference=12.31 | Category=Formula discrepancy
TECHM | ROCE | Calculated=25.32 | Source=11.90 | Difference=13.42 | Category=Formula discrepancy
TECHM | ROE | Calculated=17.39 | Source=8.63 | Difference=8.76 | Category=Version difference
TECHM | ROCE | Calculated=25.32 | Source=11.90 | Difference=13.42 | Category=Formula discrepancy
TECHM | ROE | Calculated=17.39 | Source=8.63 | Difference=8.76 | Category=Version difference
TITAN | ROCE | Calculated=51.47 | Source=22.70 | Difference=28.77 | Category=Formula discrepancy
TITAN | ROCE | Calculated=31.44 | Source=22.70 | Difference=8.74 | Category=Version difference
TITAN | ROCE | Calculated=36.21 | Source=22.70 | Difference=13.51 | Category=Formula discrepancy
TITAN | ROE | Calculated=26.46 | Source=32.90 | Difference=6.44 | Category=Version difference
TITAN | ROE | Calculated=19.25 | Source=32.90 | Difference=13.65 | Category=Formula discrepancy
TITAN | ROE | Calculated=16.47 | Source=32.90 | Difference=16.43 | Category=Formula discrepancy
TITAN | ROE | Calculated=21.65 | Source=32.90 | Difference=11.25 | Category=Formula discrepancy
TITAN | ROE | Calculated=22.88 | Source=32.90 | Difference=10.02 | Category=Formula discrepancy
TITAN | ROE | Calculated=22.39 | Source=32.90 | Difference=10.51 | Category=Formula discrepancy
TITAN | ROCE | Calculated=13.13 | Source=22.70 | Difference=9.57 | Category=Version difference
TITAN | ROE | Calculated=12.99 | Source=32.90 | Difference=19.91 | Category=Formula discrepancy
TITAN | ROE | Calculated=23.63 | Source=32.90 | Difference=9.27 | Category=Version difference
TITAN | ROE | Calculated=27.63 | Source=32.90 | Difference=5.27 | Category=Version difference
TORNTPHARM | ROCE | Calculated=32.96 | Source=23.20 | Difference=9.76 | Category=Version difference
TORNTPHARM | ROE | Calculated=30.59 | Source=24.20 | Difference=6.39 | Category=Version difference
TORNTPHARM | ROCE | Calculated=31.47 | Source=23.20 | Difference=8.27 | Category=Version difference
TORNTPHARM | ROE | Calculated=34.89 | Source=24.20 | Difference=10.69 | Category=Formula discrepancy
TORNTPHARM | ROE | Calculated=30.15 | Source=24.20 | Difference=5.95 | Category=Version difference
TORNTPHARM | ROCE | Calculated=46.75 | Source=23.20 | Difference=23.55 | Category=Formula discrepancy
TORNTPHARM | ROE | Calculated=49.60 | Source=24.20 | Difference=25.40 | Category=Formula discrepancy
TORNTPHARM | ROCE | Calculated=12.17 | Source=23.20 | Difference=11.03 | Category=Formula discrepancy
TORNTPHARM | ROE | Calculated=14.67 | Source=24.20 | Difference=9.53 | Category=Version difference
TORNTPHARM | ROE | Calculated=9.23 | Source=24.20 | Difference=14.97 | Category=Formula discrepancy
TORNTPHARM | ROE | Calculated=13.05 | Source=24.20 | Difference=11.15 | Category=Formula discrepancy
TORNTPHARM | ROCE | Calculated=30.96 | Source=23.20 | Difference=7.76 | Category=Version difference
TRENT | ROCE | Calculated=0.32 | Source=23.80 | Difference=23.48 | Category=Formula discrepancy
TRENT | ROE | Calculated=-2.19 | Source=27.20 | Difference=29.39 | Category=Formula discrepancy
TRENT | ROCE | Calculated=-0.76 | Source=23.80 | Difference=24.56 | Category=Formula discrepancy
TRENT | ROE | Calculated=-1.92 | Source=27.20 | Difference=29.12 | Category=Formula discrepancy
TRENT | ROCE | Calculated=5.21 | Source=23.80 | Difference=18.59 | Category=Formula discrepancy
TRENT | ROE | Calculated=9.07 | Source=27.20 | Difference=18.13 | Category=Formula discrepancy
TRENT | ROCE | Calculated=4.83 | Source=23.80 | Difference=18.97 | Category=Formula discrepancy
TRENT | ROE | Calculated=3.76 | Source=27.20 | Difference=23.44 | Category=Formula discrepancy
TRENT | ROCE | Calculated=6.91 | Source=23.80 | Difference=16.89 | Category=Formula discrepancy
TRENT | ROE | Calculated=5.49 | Source=27.20 | Difference=21.71 | Category=Formula discrepancy
TRENT | ROCE | Calculated=10.47 | Source=23.80 | Difference=13.33 | Category=Formula discrepancy
TRENT | ROE | Calculated=5.45 | Source=27.20 | Difference=21.75 | Category=Formula discrepancy
TRENT | ROCE | Calculated=11.26 | Source=23.80 | Difference=12.54 | Category=Formula discrepancy
TRENT | ROE | Calculated=5.77 | Source=27.20 | Difference=21.43 | Category=Formula discrepancy
TRENT | ROE | Calculated=4.44 | Source=27.20 | Difference=22.76 | Category=Formula discrepancy
TRENT | ROCE | Calculated=4.36 | Source=23.80 | Difference=19.44 | Category=Formula discrepancy
TRENT | ROE | Calculated=-7.83 | Source=27.20 | Difference=35.03 | Category=Formula discrepancy
TRENT | ROCE | Calculated=8.39 | Source=23.80 | Difference=15.41 | Category=Formula discrepancy
TRENT | ROE | Calculated=1.48 | Source=27.20 | Difference=25.72 | Category=Formula discrepancy
TRENT | ROCE | Calculated=15.78 | Source=23.80 | Difference=8.02 | Category=Version difference
TRENT | ROE | Calculated=15.18 | Source=27.20 | Difference=12.02 | Category=Formula discrepancy
TRENT | ROCE | Calculated=33.86 | Source=23.80 | Difference=10.06 | Category=Formula discrepancy
TRENT | ROE | Calculated=36.31 | Source=27.20 | Difference=9.11 | Category=Version difference
ULTRACEMCO | Data source issue | Company not found in companies.xlsx
ULTRACEMCO | Data source issue | Company not found in companies.xlsx
ULTRACEMCO | Data source issue | Company not found in companies.xlsx
ULTRACEMCO | Data source issue | Company not found in companies.xlsx
ULTRACEMCO | Data source issue | Company not found in companies.xlsx
ULTRACEMCO | Data source issue | Company not found in companies.xlsx
ULTRACEMCO | Data source issue | Company not found in companies.xlsx
ULTRACEMCO | Data source issue | Company not found in companies.xlsx
ULTRACEMCO | Data source issue | Company not found in companies.xlsx
ULTRACEMCO | Data source issue | Company not found in companies.xlsx
ULTRACEMCO | Data source issue | Company not found in companies.xlsx
ULTRACEMCO | Data source issue | Company not found in companies.xlsx
UNIONBANK | Data source issue | Company not found in companies.xlsx
UNIONBANK | Data source issue | Company not found in companies.xlsx
UNIONBANK | Data source issue | Company not found in companies.xlsx
UNIONBANK | Data source issue | Company not found in companies.xlsx
UNIONBANK | Data source issue | Company not found in companies.xlsx
UNIONBANK | Data source issue | Company not found in companies.xlsx
UNIONBANK | Data source issue | Company not found in companies.xlsx
UNIONBANK | Data source issue | Company not found in companies.xlsx
UNIONBANK | Data source issue | Company not found in companies.xlsx
UNIONBANK | Data source issue | Company not found in companies.xlsx
UNIONBANK | Data source issue | Company not found in companies.xlsx
UNIONBANK | Data source issue | Company not found in companies.xlsx
